time,x,x_dot,theta,theta_dot,u,x_ref,theta_ref
0.0,0.9195939810588705,0.03868299136037606,0.17676840689383305,-0.08806958799104517,9.999999999999998,0.0,0.0
0.02004008016032064,0.9242116169594687,0.23088179502991377,0.17036779460688253,-0.3200306143475259,9.999999999999991,0.0,0.0
0.04008016032064128,0.9326758728285764,0.42321279345538276,0.1592806393591214,-0.5543577623880565,9.999999989141331,0.0,0.0
0.06012024048096192,0.9449913686620547,0.6157747916739129,0.14342534485142475,-0.7927647253848324,8.471214152991784,0.0,0.0
0.08016032064128256,0.9605688831717828,0.7788757254864036,0.12357021546527919,-0.9927564693072778,3.9487994409849207,0.0,0.0
0.1002004008016032,0.9776529584096267,0.8542037618921945,0.10219816969714873,-1.0686022884065227,6.956429565579613,0.0,0.0
0.12024048096192384,0.9974227526044569,0.9884897097415064,0.07742057355964535,-1.2388798068751687,3.611433729746746,0.0,0.0
0.1402805611222445,1.018581427990027,1.0579337692785051,0.05102168781752292,-1.3199442871061215,1.306480254300316,0.0,0.0
0.16032064128256512,1.0402369658548178,1.082776893239545,0.024178633208108462,-1.3421527304707228,1.5793375152733604,0.0,0.0
0.18036072144288576,1.0625026982458299,1.113286619550604,-0.0034368064089798853,-1.3807719808544174,0.3096948268585844,0.0,0.0
0.2004008016032064,1.0848901387892145,1.1193720271692267,-0.031254888906550565,-1.390904124878534,0.7398324231147706,0.0,0.0
0.22044088176352705,1.1075740334543682,1.1341947332576914,-0.0597007918462194,-1.4222951469834417,-0.6026674560196408,0.0,0.0
0.24048096192384769,1.1300375257818243,1.1231746163728047,-0.08816749943168951,-1.4233353792735057,-1.0715106533884582,0.0,0.0
0.2605210420841683,1.1521047721330675,1.1033623175621579,-0.1165599466297247,-1.4196223599017592,-2.6841886661019876,0.0,0.0
0.280561122244489,1.1731541203942575,1.0524674130594986,-0.14412024869012427,-1.3780151030199785,-5.425477581060699,0.0,0.0
0.3006012024048096,1.1921248603133234,0.9485369959533012,-0.16944085907121567,-1.2660305190545702,-7.690420058373696,0.0,0.0
0.32064128256513025,1.2081431071235786,0.8009123405127612,-0.19138981182967343,-1.097447637922888,-8.29184945674414,0.0,0.0
0.3406813627254509,1.2209831268249867,0.6420009850704048,-0.20977921069018354,-0.9194699430255051,-8.815679709155706,0.0,0.0
0.3607214428857715,1.2304486855562211,0.4732779365617219,-0.2244446878916329,-0.7332738600724689,-8.114835961267977,0.0,0.0
0.3807615230460922,1.2368186964370476,0.3185005440413186,-0.23589400018702428,-0.5724656147695678,-7.666862150631405,0.0,0.0
0.4008016032064128,1.2402721874146234,0.17267454887879397,-0.24446571563663078,-0.4285857724803254,-7.109678774084043,0.0,0.0
0.42084168336673344,1.2410292935313763,0.03785530583764679,-0.2505378575432702,-0.30360709533197117,-6.9683507145277055,0.0,0.0
0.4408817635270541,1.2391474284759947,-0.09409325276908403,-0.25423441292122834,-0.18482776889790903,-6.769098127579258,0.0,0.0
0.4609218436873747,1.23470553132848,-0.22209485737573723,-0.25569459839344405,-0.07300927361078652,-6.47572248184793,0.0,0.0
0.48096192384769537,1.2278181889931095,-0.3443671167685315,-0.255094318697089,0.03001398481775272,-6.160751004356137,0.0,0.0
0.501002004008016,1.2186075620733559,-0.46053134598767576,-0.25260680527805374,0.12437567095176177,-5.945501185416072,0.0,0.0
0.5210420841683366,1.207156369317211,-0.57255963780725,-0.24833579884853527,0.21355032147592343,-6.470982968657323,0.0,0.0
0.5410821643286573,1.1932589096033055,-0.6948729856952665,-0.24195452976697712,0.31906345407790665,-5.769460922286484,0.0,0.0
0.561122244488978,1.177185392516263,-0.8036758543521269,-0.23381420389151017,0.4070162937733478,-5.473223499210292,0.0,0.0
0.5811623246492986,1.159048036756878,-0.9068677879692455,-0.22402572137407678,0.48942412587166956,-4.895909747949689,0.0,0.0
0.6012024048096192,1.1390678684993134,-0.9990084128782275,-0.2128492430631834,0.5588239155446697,-4.174759889407067,0.0,0.0
0.6212424849699398,1.117521607572791,-1.0773130463261227,-0.20061942182782622,0.6114910617678591,-3.5724315031581146,0.0,0.0
0.6412825651302605,1.0946396896360338,-1.144095896837863,-0.1875985377793567,0.6510442024234759,-3.1424363297803626,0.0,0.0
0.6613226452905812,1.0705854702379594,-1.2027109699037188,-0.17394706842972998,0.6825734674813355,-2.6849771238139697,0.0,0.0
0.6813627254509018,1.045532975944009,-1.2526247146975122,-0.15983872786253098,0.7054170283599505,-2.2236866192250173,0.0,0.0
0.7014028056112224,1.0196577591232294,-1.2937608410389803,-0.1454480657410654,0.7195331060732799,-2.1260182515761685,0.0,0.0
0.721442885771543,0.992993767358656,-1.3331995882286716,-0.1307391554245999,0.7354455158232746,-1.7242023770010242,0.0,0.0
0.7414829659318637,0.9656934110280311,-1.3650178165312463,-0.11585051499106283,0.744432021676854,-1.3201532479416527,0.0,0.0
0.7615230460921844,0.9379100292632179,-1.3891690882406595,-0.10092189637250301,0.746430930927991,-0.9183075387054993,0.0,0.0
0.781563126252505,0.9097961819167734,-1.405692367322225,-0.08609245356463212,0.7414721403935444,-0.4811464743388657,0.0,0.0
0.8016032064128256,0.88151830051455,-1.4138940701111675,-0.0715233067906041,0.7284573387014008,-0.17864070485435507,0.0,0.0
0.8216432865731462,0.8531904190070907,-1.4163940753729654,-0.05729933444757773,0.7111986171513185,0.1403621792123999,0.0,0.0
0.8416833667334669,0.8249331165684283,-1.4128651219331203,-0.04351751636762418,0.6890909039976776,0.42994375899536785,0.0,0.0
0.8617234468937875,0.796855619440901,-1.4038748563763652,-0.03026062507221962,0.6628445647702281,0.6611577936966928,0.0,0.0
0.8817635270541082,0.7690445146379052,-1.3905552401497867,-0.017580684052023003,0.6339970510098308,0.8707408418477377,0.0,0.0
0.9018036072144289,0.7415780881857269,-1.373321322608916,-0.0055206623076970805,0.6030010872162961,1.0999491803968642,0.0,0.0
0.9218436873747494,0.7145424328448787,-1.3517827670424105,0.005861175151997565,0.5690918729847323,1.3482738158690843,0.0,0.0
0.9418837675350701,0.6880312648216683,-1.325558401160521,0.016491228526252004,0.5315026687127219,1.5013437176904496,0.0,0.0
0.9619238476953907,0.6621013134503371,-1.2964975685665632,0.026347023411115555,0.4927897442431776,1.642818618290991,0.0,0.0
0.9819639278557114,0.6368049768590284,-1.2648168295654365,0.035408125240096525,0.45305509144904854,1.7504016108241152,0.0,0.0
1.002004008016032,0.6121816319115745,-1.2311672473726956,0.04366902875075332,0.4130451755328399,1.7674834372358819,0.0,0.0
1.0220440881763526,0.5882355547609192,-1.1973038575327666,0.05117216495724503,0.37515681032458575,3.641687993670823,0.0,0.0
1.0420841683366733,0.5656957883743531,-1.1269883193283063,0.056870485366981416,0.28491602048681913,3.5843991625397895,0.0,0.0
1.062124248496994,0.5445382454098544,-1.057877148224932,0.06083412498809288,0.19818198105557333,2.92830990982611,0.0,0.0
1.0821643286573146,0.5245057535022317,-1.0016245953811334,0.06347162264769275,0.13187488297999334,2.231569632590528,0.0,0.0
1.1022044088176353,0.5053257044908491,-0.9590024505691271,0.06520655744468395,0.08674673984956027,1.0961736477180046,0.0,0.0
1.122244488977956,0.48655465592081526,-0.9385524285016932,0.06671258136623633,0.07530119607761859,2.0508242137511807,0.0,0.0
1.1422845691382766,0.4685645804084874,-0.8995037756163932,0.06744221588094418,0.036481725735392836,0.7206584776792497,0.0,0.0
1.1623246492985972,0.45083636653967657,-0.8864106934405422,0.06817620784254247,0.036699598079914186,1.5641633525912688,0.0,0.0
1.1823647294589177,0.43369884999945973,-0.856875827010841,0.068427079761864,0.012543595966076557,1.3433599595543495,0.0,0.0
1.2024048096192383,0.4170658227222411,-0.8316513638609332,0.06832524646733486,-0.005091664726457581,1.185551953019445,0.0,0.0
1.222444889779559,0.40087575413479487,-0.809503429372309,0.06796212868485177,-0.018155889124154244,1.030694530940309,0.0,0.0
1.2424849699398797,0.3850683402878879,-0.7903706923453481,0.06742577188361361,-0.02681784006190797,0.9281627297909554,0.0,0.0
1.2625250501002003,0.3696037386917659,-0.7732300798061009,0.06677260135496414,-0.032658526432473294,0.7864962278376164,0.0,0.0
1.282565130260521,0.3544268734867609,-0.7588432602502496,0.06608114318804179,-0.03457290834611751,0.6933039281490786,0.0,0.0
1.3026052104208417,0.3395015886656026,-0.7462642410579154,0.065401405152984,-0.033986901752889695,0.6026786656908149,0.0,0.0
1.3226452905811623,0.3247927255979224,-0.7354431533840117,0.06478197700079363,-0.030971407609518085,0.5561815445571561,0.0,0.0
1.342685370741483,0.3102823224589947,-0.7255201569463843,0.06424608283383429,-0.026794708347967156,0.5190128779691151,0.0,0.0
1.3627254509018036,0.2959560324089529,-0.7163145025020873,0.06381203228329241,-0.021702527527094347,0.49826665386763297,0.0,0.0
1.3827655310621243,0.2818058859291813,-0.7075073239885793,0.06348919478335285,-0.016141874996977775,0.485292959894372,0.0,0.0
1.4028056112224447,0.26782691386157276,-0.698948603380428,0.0632831057279701,-0.010304452769138158,0.4593726492172052,0.0,0.0
1.4228456913827654,0.25400906309848204,-0.690892538154536,0.06320759322902506,-0.0037756249472519227,0.4773322994309364,0.0,0.0
1.442885771543086,0.24035936138380373,-0.6824850857339146,0.06325169929111678,0.002205303104585838,0.5128547846804041,0.0,0.0
1.4629258517034067,0.2268916538509287,-0.6733853766437528,0.0633949700557717,0.007163538232746237,0.49614379132127073,0.0,0.0
1.4829659318637274,0.21359938043866597,-0.664613670613136,0.06364806240623898,0.0126546175233637,0.5167175668621331,0.0,0.0
1.503006012024048,0.20049049498059435,-0.655444272903581,0.06400056566626984,0.017625163001543306,0.5044827366161365,0.0,0.0
1.5230460921843687,0.18756012395345453,-0.6465185513569907,0.06446184398514637,0.023063915943826844,-0.7255184429152398,0.0,0.0
1.5430861723446894,0.17432830284585926,-0.6615910553797643,0.06575261304417394,0.06453845295137829,-0.3863169000614928,0.0,0.0
1.56312625250501,0.16092699679915234,-0.6700653023353458,0.06768300721514861,0.0965197085487334,-0.03014462865241918,0.0,0.0
1.5831663326653307,0.147494608961004,-0.6716193919074176,0.07005731217875595,0.1187152481803668,0.414967669023129,0.0,0.0
1.6032064128256511,0.13420410535891436,-0.6645251801044822,0.07263078848333186,0.1286738152287958,0.2995112664926566,0.0,0.0
1.6232464929859718,0.12100971975856699,-0.6597192800173686,0.07548698485560892,0.14280981861385314,0.6038881142810117,0.0,0.0
1.6432865731462925,0.1080293727782486,-0.6490173490159193,0.07846640263756857,0.14897088909798245,0.77918723877115,0.0,0.0
1.6633266533066131,0.09533059323779863,-0.6349389770224984,0.08148565304018485,0.15096252013081374,0.9930640049853242,0.0,0.0
1.6833667334669338,0.08299593940238159,-0.6167326917708519,0.08443917386448399,0.14767604121495714,1.4670017842015184,0.0,0.0
1.7034068136272544,0.07120941019210925,-0.5893264605136171,0.08706955160462482,0.13151888700704106,1.4499805505702177,0.0,0.0
1.723446893787575,0.05996360014039016,-0.5622905025859544,0.08940343074072024,0.11669395680477085,1.499434892554424,0.0,0.0
1.7434869739478958,0.04927711636298525,-0.5343241888702456,0.09142685742070164,0.1011713339990697,1.5517163762287063,0.0,0.0
1.7635270541082164,0.039169757486223665,-0.5053679438380793,0.0931222711458101,0.08477068625542364,1.6254258989567942,0.0,0.0
1.783567134268537,0.029669772940020996,-0.47499922731013355,0.09445756376342147,0.06676463088056826,1.6099136584493037,0.0,0.0
1.8036072144288577,0.020770721709404187,-0.4449525615308403,0.09545027370889785,0.04963549727381837,1.602649015035007,0.0,0.0
1.8236472945891782,0.012469479728490477,-0.41506209904568553,0.09611095483351043,0.03303405623062883,1.5643084442678243,0.0,0.0
1.8436873747494988,0.004750901757205027,-0.3859288985642725,0.0964661272338669,0.017758620017823794,1.540644704420776,0.0,0.0
1.8637274549098195,-0.0023943443525264634,-0.3572623054865745,0.09653182261451876,0.0032847690325928536,1.5176002504356532,0.0,0.0
1.8837675350701402,-0.008975264611651216,-0.3290460129562376,0.09632186839264392,-0.010497711093741865,1.4901126516707628,0.0,0.0
1.9038076152304608,-0.01500251727739774,-0.30136263328732626,0.09585092277866569,-0.023547280698911332,1.4538472888338574,0.0,0.0
1.9238476953907815,-0.020490107684152763,-0.27437952033775104,0.09513709211675908,-0.03569153309533072,1.47552040836461,0.0,0.0
1.9438877755511021,-0.02542937656661335,-0.24696344412302926,0.09416322366943188,-0.048693422366360116,1.4243800467595862,0.0,0.0
1.9639278557114228,-0.029839984021836456,-0.22053037276115534,0.09295288579244623,-0.060516893849281966,1.3618897264282448,0.0,0.0
1.9839679358717435,-0.033745948412636326,-0.1952982195399936,0.09153475724755479,-0.07090642724457216,1.30411700176758,0.0,0.0
2.004008016032064,-0.037169389124574355,-0.17117203559690158,0.0899334607986387,-0.08006482244580443,1.2558047057278878,0.0,0.0
2.024048096192385,-0.040128684118462384,-0.14796474969440132,0.08816695884749264,-0.08832509755730361,1.5177870115590135,0.0,0.0
2.0440881763527052,-0.0425211481587564,-0.11962320201470064,0.08607146892949213,-0.10477449590002516,1.4101346341050371,0.0,0.0
2.064128256513026,-0.04438815603496143,-0.09335039381025158,0.08369636285381052,-0.11875530378408106,1.3173119303158844,0.0,0.0
2.0841683366733466,-0.0457652204234702,-0.0688532194254384,0.0810806247507167,-0.13078690515469055,1.2296969127558495,0.0,0.0
2.1042084168336674,-0.0466857559510131,-0.04602677637714485,0.07825870380258815,-0.1410960474064274,1.180673177007633,0.0,0.0
2.124248496993988,-0.047168067873652596,-0.02411559613197477,0.07524127313260032,-0.1508715334993917,1.0728097449889524,0.0,0.0
2.1442885771543083,-0.047253357753226935,-0.004264493978717136,0.07207209054213569,-0.15845912952323163,0.9921899923642595,0.0,0.0
2.164328657314629,-0.0469721599782,0.014059888751346894,0.06877809872123189,-0.16469959104519002,0.8786501792858554,0.0,0.0
2.1843687374749496,-0.04636781746022971,0.030217125898514687,0.06540468188722526,-0.16867084170033186,0.7935514652797664,0.0,0.0
2.2044088176352705,-0.04547255904620952,0.04476292070100952,0.061980161567662805,-0.17122601597812254,0.6254429211431684,0.0,0.0
2.224448897795591,-0.04435098490323827,0.05607870714856224,0.058581013696469036,-0.16995739355968847,0.6078337286789257,0.0,0.0
2.244488977955912,-0.04300899354147248,0.0670995680882897,0.0551960576556137,-0.16924780204276688,0.5282207479681112,0.0,0.0
2.2645290581162323,-0.04147667731571325,0.07661581128796156,0.051850412569258555,-0.16728225431775723,0.44331773226673554,0.0,0.0
2.284569138276553,-0.03978620534435138,0.08452359856809369,0.04857255415775851,-0.1638929205750022,0.36247860526029363,0.0,0.0
2.3046092184368736,-0.0379681821166419,0.0909011613854738,0.045389029883367,-0.15917621371957563,0.27741785888432524,0.0,0.0
2.3246492985971945,-0.03605488743453472,0.09566473410535892,0.0423294640007146,-0.15297829413262018,0.2097071735714689,0.0,0.0
2.344689378757515,-0.034071868057018485,0.09915096887581182,0.03941413753664399,-0.14576632320353058,0.24944498989873745,0.0,0.0
2.3647294589178354,-0.03200278803088031,0.10345400130690874,0.03660145133535248,-0.14063431006457536,0.19251946884644772,0.0,0.0
2.3847695390781563,-0.029869056061885384,0.1066865984497462,0.0339069467920233,-0.13472522716645907,0.1754969984890963,0.0,0.0
2.4048096192384767,-0.02767654506141087,0.10962555002372566,0.03132358955920633,-0.1291678616408485,0.15477319860858904,0.0,0.0
2.4248496993987976,-0.025432603645999648,0.11219707077056111,0.028847210275130226,-0.12381896420380531,0.13039914605416558,0.0,0.0
2.444889779559118,-0.023146035141448924,0.11432842522753625,0.02647644902066803,-0.11853806272310982,0.11362252001716952,0.0,0.0
2.464929859719439,-0.020822708377583148,0.11616633819328887,0.024206170232309757,-0.1135139394179135,0.08634917860530794,0.0,0.0
2.4849699398797593,-0.01847261664900028,0.11750458642914334,0.022038010315686186,-0.10840799583117865,0.06273997843848812,0.0,0.0
2.50501002004008,-0.016104352601938918,0.11841320235306811,0.019972107641356394,-0.10329513371648949,0.04110837840217989,0.0,0.0
2.5250501002004007,-0.013725766360492327,0.11892931207232957,0.018008089271525404,-0.0982009184915495,0.34010129710609144,0.0,0.0
2.5450901803607215,-0.011219624032449457,0.12530711640214345,0.01595870299184052,-0.10246931398424419,0.1898081668504747,0.0,0.0
2.565130260521042,-0.008643985212927703,0.12878194097608772,0.013898924934616235,-0.1029889028612143,0.17916787972301657,0.0,0.0
2.5851703406813624,-0.0060024119044679615,0.13207866542298705,0.01182198846810604,-0.10384682332550974,0.11188147326633321,0.0,0.0
2.6052104208416833,-0.0033205657564593805,0.13409230740042904,0.009754152948527162,-0.1033917759789439,0.06341506213176532,0.0,0.0
2.6252505010020037,-0.0006167672403236467,0.13518992580678668,0.00771072869603036,-0.1021712126248401,0.016250661350041856,0.0,0.0
2.6452905811623246,0.002091164167383153,0.13539657038533998,0.0057064194790296075,-0.10021546085003763,-0.04306601723516088,0.0,0.0
2.665330661322645,0.004780655619106176,0.13447457258615114,0.003763285075832779,-0.09715672015984142,-0.09174104833294565,0.0,0.0
2.685370741482966,0.007433269366963728,0.13263068739287756,0.0018975465283346204,-0.09328692737490794,-0.1375206421788569,0.0,0.0
2.7054108216432864,0.010031675406078518,0.12992030195573948,0.00012421920743624338,-0.08866636604491884,-0.17060999093786475,0.0,0.0
2.7254509018036073,0.012563469392595755,0.1265896993258619,-0.001548522492412004,-0.08363708499241237,-0.2028273553722411,0.0,0.0
2.7454909819639277,0.015016558523368142,0.12265445653861932,-0.003112380411168614,-0.07819289593783049,-0.23001612204838118,0.0,0.0
2.7655310621242486,0.01738078117659987,0.11821113266158657,-0.004561311855562814,-0.07244657221971,-0.2590093645744467,0.0,0.0
2.785571142284569,0.019645238731289653,0.11322287773448898,-0.005887494347696691,-0.06630912460669382,-0.2814741022885413,0.0,0.0
2.8056112224448895,0.021801545057657416,0.10781531631838807,-0.007086150779498883,-0.059932821590109625,-0.2974140515954206,0.0,0.0
2.8256513026052104,0.0238438236752795,0.10211393088110414,-0.008155516966748088,-0.0534683093624602,-0.3053425882904492,0.0,0.0
2.845691382765531,0.02576928733788103,0.09627318313007659,-0.009097699946347846,-0.04710914897998792,-0.30940255610835987,0.0,0.0
2.8657314629258517,0.02757662197223853,0.09036673171787489,-0.009916267713776758,-0.040928388371445565,-0.3086698416220684,0.0,0.0
2.885771543086172,0.02926634829254866,0.08448631601550659,-0.010616812146748809,-0.03502722164860257,-0.30794307295166334,0.0,0.0
2.905811623246493,0.0308389508521611,0.07863012798062192,-0.011204177259680505,-0.029368255646584844,-0.30624749881376256,0.0,0.0
2.9258517034068134,0.03229525979653516,0.07281544721870277,-0.01168305988418646,-0.023944131225297663,-0.3012807290588372,0.0,0.0
2.9458917835671343,0.03363735064856882,0.06710454260168319,-0.012059385989783534,-0.018816305279853708,-0.29104398181364216,0.0,0.0
2.9659318637274548,0.034869325970846694,0.061598766113893824,-0.012341517153842204,-0.01410655820293356,-0.2848498803683987,0.0,0.0
2.9859719438877756,0.03599368377137244,0.05621789002628703,-0.0125348561026156,-0.009666947438669811,-0.26719245877917414,0.0,0.0
3.006012024048096,0.03701736982040272,0.051184302451514035,-0.01265095058891568,-0.005804724315003907,-0.26031638570340027,0.0,0.0
3.0260521042084165,0.0379431006115895,0.0462865395593392,-0.012694554857962857,-0.002180213452358866,-0.08861767545568361,0.0,0.0
3.0460921843687374,0.03883788917751272,0.04473942829616091,-0.012766373872389863,-0.0035909507213502797,-0.11228835327512092,0.0,0.0
3.066132264529058,0.03969251929388794,0.042731505818760986,-0.012853015096656374,-0.004332061213325572,-0.12923810778624945,0.0,0.0
3.0861723446893787,0.040500401635708366,0.0403941170910215,-0.01294511069001328,-0.0046047796678452746,-0.14417337775847083,0.0,0.0
3.106212424849699,0.04125573453907921,0.037766645168542196,-0.013034505543052898,-0.004469742651980923,-0.15251474229885248,0.0,0.0
3.12625250501002,0.04195528865065626,0.03497770557885248,-0.013116884423188757,-0.00411894400679296,-0.16536177237024247,0.0,0.0
3.1462925851703405,0.04259407440146664,0.031939287540519265,-0.013185252429145457,-0.0034184002978349622,-0.1776017622651808,0.0,0.0
3.1663326653306614,0.04316733508819569,0.0286630343364523,-0.013232881382337466,-0.002381447659600452,-0.18644396233288124,0.0,0.0
3.186372745490982,0.04367163395290915,0.02521494323567319,-0.013254899737575564,-0.001100917761904892,-0.19273530206057102,0.0,0.0
3.2064128256513023,0.044104522295452864,0.021644417127185615,-0.013247766467168028,0.00035666352037683636,-0.19725908065671957,0.0,0.0
3.226452905811623,0.044464232797524365,0.017985525103575217,-0.013208790558096269,0.001948795453587947,-0.1999769548385997,0.0,0.0
3.2464929859719436,0.04474969371294957,0.014273045771260068,-0.01313613646366986,0.003632704721320354,-0.20114188690109563,0.0,0.0
3.2665330661322645,0.04496042962994847,0.010536795849945138,-0.013028664564408696,0.005373594963058272,-0.2006856770471546,0.0,0.0
3.286573146292585,0.045096587757470614,0.006807906376107238,-0.012885963873582935,0.00713503454128805,-0.19891493475160268,0.0,0.0
3.306613226452906,0.04515881816223803,0.003111520238370944,-0.012708170109033749,0.008889688227459376,-0.19585582240049149,0.0,0.0
3.3266533066132262,0.045148263599167265,-0.0005277281535384288,-0.012495951253203541,0.010610942791510359,-0.19155187614823613,0.0,0.0
3.346693386773547,0.045066542715021536,-0.00408604420728631,-0.012250486310039194,0.012273247158217362,-0.18642330423272063,0.0,0.0
3.3667334669338675,0.04491558641311078,-0.007547815095537859,-0.011973226962282993,0.013862967387810014,-0.17994857285145238,0.0,0.0
3.3867735470941884,0.04469784178438782,-0.01088723143614796,-0.011666211795018465,0.015350758363226365,-0.17331152431575733,0.0,0.0
3.406813627254509,0.0444158107318036,-0.014101552629211107,-0.011331386704493978,0.016741254526224415,-0.1652196843325774,0.0,0.0
3.4268537074148293,0.04407255488111007,-0.017162792534676563,-0.0109713731834514,0.0180006760521289,-0.15745806151143246,0.0,0.0
3.44689378757515,0.043670999783237664,-0.020077754893619994,-0.010588440759161264,0.01914662121450673,-0.14864188595452799,0.0,0.0
3.4669338677354706,0.04321447593374593,-0.0228261924745867,-0.010185331308448863,0.020155472535620136,-0.1397835748361273,0.0,0.0
3.4869739478957915,0.04270632449139945,-0.025407572117323942,-0.009764684158999483,0.021032357472468996,-0.13185175472193322,0.0,0.0
3.507014028056112,0.04214952005416397,-0.02784022186177413,-0.009328486146168354,0.021809900641556423,-0.12303147096543879,0.0,0.0
3.527054108216433,0.04154737946595523,-0.03010702941043692,-0.008879145782718532,0.022467018172491096,-0.049515075555386576,0.0,0.0
3.5470941883767533,0.04092846177182774,-0.030945884706374355,-0.008456832551627502,0.021115661554551506,-0.05241622964161926,0.0,0.0
3.567134268537074,0.04029151384486978,-0.03184739634789804,-0.008057186354189949,0.01998230987187762,-0.054326494574458845,0.0,0.0
3.5871743486973946,0.03963567571831931,-0.03279190632752338,-0.007676569626845921,0.019030836367201417,-0.055881675254678416,0.0,0.0
3.6072144288577155,0.03896023143813788,-0.03377221400907169,-0.007311672496918293,0.018244856496381405,-0.05704951127446228,0.0,0.0
3.627254509018036,0.038264620704102824,-0.034780536701752594,-0.00695951078636644,0.01760808552759265,-0.05780185840236079,0.0,0.0
3.6472945891783564,0.03754844899782729,-0.03580858531377666,-0.006617423660818846,0.017104356277379718,-0.05803475533577813,0.0,0.0
3.6673346693386772,0.03681152738901384,-0.03684608044067256,-0.006283117666880786,0.016715299696902986,-0.057535454859151215,0.0,0.0
3.6873747494989977,0.036053954897920515,-0.037878624554666354,-0.005954776721600821,0.016417047263998244,-0.056444605024378064,0.0,0.0
3.7074148296593186,0.03527606309098168,-0.03889459034694189,-0.005630968390243657,0.016190416567858183,-0.05496656050616976,0.0,0.0
3.727454909819639,0.034478335926294915,-0.039886358234338164,-0.005310515316089524,0.01602265370770664,-0.05309151852512971,0.0,0.0
3.74749498997996,0.03366141324170185,-0.040846134229653386,-0.004992493531815923,0.0159010892136801,-0.050524829929941985,0.0,0.0
3.7675350701402803,0.032826205469738995,-0.041760388598142476,-0.004676398993792896,0.015804726901151322,-0.04800297974252777,0.0,0.0
3.787575150300601,0.03197360609825474,-0.042629968574212834,-0.004361713586891287,0.01573427034508046,-0.0450790698565309,0.0,0.0
3.8076152304609217,0.03110466591295179,-0.043447009265147406,-0.004048163277553682,0.015677515466880267,-0.04211374875813405,0.0,0.0
3.8276553106212425,0.03022045218470412,-0.04421068641238353,-0.0037355054187990324,0.015632892937732464,-0.038537509146343095,0.0,0.0
3.847695390781563,0.029322270836385965,-0.04490906741590773,-0.0034238603638940502,0.015582252745249115,-0.034822623883075776,0.0,0.0
3.8677354709418834,0.028411482184496555,-0.045539432594470526,-0.003113435961174489,0.015521220135978073,-0.031156305794309273,0.0,0.0
3.8877755511022043,0.027489427943471,-0.046102712051277826,-0.002804419350657898,0.015450830525829538,-0.027144688332499976,0.0,0.0
3.9078156312625247,0.026557584976187914,-0.046592148364154276,-0.0024972085440339797,0.015360540331195913,-0.023063644693400477,0.0,0.0
3.9278557114228456,0.02561745775522546,-0.04700636104812273,-0.002192253556727343,0.01524774936533184,-0.018876897529922148,0.0,0.0
3.947895791583166,0.024670592648184515,-0.047343255352047135,-0.0018900804664922423,0.01510865451175503,-0.01471826888043745,0.0,0.0
3.967935871743487,0.02371852584761958,-0.047603340028246725,-0.0015912164482639463,0.014943200911414803,-0.009589897073505339,0.0,0.0
3.9879759519038074,0.022763172913661867,-0.04776764669788567,-0.0012967768197106853,0.014721981427663048,-0.005516335221588658,0.0,0.0
4.008016032064128,0.021806039060452486,-0.04785669266046903,-0.0010072877659796089,0.014474452686553825,-0.001404541499219771,0.0,0.0
4.028056112224449,0.020848645840198257,-0.04786966101271151,-0.0007233290564758646,0.01419793547518722,-0.05167302581222456,0.0,0.0
4.04809619238477,0.019871295788991307,-0.048867502560347484,-0.0004137043241196554,0.015481236617810456,-0.037126961058388405,0.0,0.0
4.06813627254509,0.018879576410961094,-0.04958596890151065,-8.497012814424329e-05,0.016436709798770606,-0.024276627017046512,0.0,0.0
4.0881763527054105,0.017878408015369187,-0.0500584197795953,0.0002574294289189755,0.01711997785316094,-0.012059429291271791,0.0,0.0
4.108216432865731,0.01687245992880038,-0.05029740432844044,0.0006085067836117928,0.017553867734640863,-0.0006185083187308198,0.0,0.0
4.128256513026052,0.015866096067309075,-0.0503181930745652,0.0009637831958287609,0.017763820610848403,0.01101681081861867,0.0,0.0
4.148296593186372,0.014863755002480588,-0.05011705324142431,0.0013186926894922547,0.017745474683174684,0.02153617855858368,0.0,0.0
4.168336673346693,0.013869439937316153,-0.04971575325822175,0.001669319781395318,0.017531354595153165,0.031126279774940813,0.0,0.0
4.188376753507014,0.01288679267760422,-0.04913236298559656,0.002012265586065387,0.017147290233503438,0.03990603561039247,0.0,0.0
4.208416833667335,0.011919141012120025,-0.04838258327420981,0.002344556817703183,0.016614561581889814,0.04762520983578281,0.0,0.0
4.228456913827655,0.010969401916132535,-0.04748695479937448,0.002663773422044228,0.015960830217052253,0.054848926695429165,0.0,0.0
4.248496993987976,0.010040302771226278,-0.046454957245312845,0.0029677027333608478,0.01519646556583098,0.06122572470584459,0.0,0.0
4.268537074148297,0.00913424485020979,-0.045302896050824465,0.0032545311155785113,0.014341419110883175,0.06713231456326776,0.0,0.0
4.288577154308617,0.008253450839340261,-0.044039700543476404,0.0035226121595351083,0.013404052197829846,0.07225126861995813,0.0,0.0
4.3086172344689375,0.007399841441936399,-0.04268046987019311,0.00377064198496172,0.012401491271330594,0.07661609706761846,0.0,0.0
4.328657314629258,0.006575048828877363,-0.04123963065295179,0.00399763141373462,0.011349471438644997,0.08031300091051051,0.0,0.0
4.348697394789579,0.005780450560212217,-0.039729913433257276,0.004202849305134375,0.01026089456998775,0.0832208823360553,0.0,0.0
4.368737474949899,0.00501712253949213,-0.03816640103600434,0.004385888781552332,0.009151973820897821,0.08552304668686167,0.0,0.0
4.38877755511022,0.004285910661055629,-0.03656059392182504,0.004546557433005747,0.008033432572670796,0.08719650183487268,0.0,0.0
4.408817635270541,0.0035874218932498677,-0.034924438390288075,0.004684889551767301,0.006916605938077711,0.08826898391051219,0.0,0.0
4.428857715430862,0.002922035092107011,-0.03326934005714282,0.004801130122443401,0.005812028533804957,0.0888261000329228,0.0,0.0
4.448897795591182,0.0022899343373224447,-0.03160503773922832,0.004895686288450997,0.004727808300379832,0.08886932962195977,0.0,0.0
4.468937875751503,0.0016911093929431866,-0.029941247218962908,0.004969129053269209,0.0036721382409105833,0.08846066319702998,0.0,0.0
4.488977955911824,0.0011253797340222494,-0.028286482946046857,0.005022160618384534,0.002651578255766269,0.08763116799174092,0.0,0.0
4.509018036072144,0.0005924064685810637,-0.026648663272059284,0.005055600637933838,0.0016720009774652037,0.08643869680148997,0.0,0.0
4.529058116232465,9.171467828268003e-05,-0.02503458951491918,0.005070357545645508,0.0007378453855835179,0.08013607555293528,0.0,0.0
4.5490981963927855,-0.0003791593095824642,-0.023543699393257213,0.005070211213783796,-7.316593085600538e-06,0.07912330103485994,0.0,0.0
4.569138276553106,-0.0008206106633980466,-0.022072567690779116,0.005055753157155051,-0.0007229028314372551,0.07788939725781689,0.0,0.0
4.589178356713426,-0.001233116739322739,-0.02062530379623461,0.005027613991197503,-0.0014069582978774068,0.07633535276079004,0.0,0.0
4.609218436873747,-0.001617275898864425,-0.019207957977084304,0.004986525327219797,-0.0020544331988853123,0.07454542899952937,0.0,0.0
4.629258517034068,-0.001973774837675081,-0.017824946940532792,0.004933275096373257,-0.0026625115423270004,0.07268415881620366,0.0,0.0
4.649298597194389,-0.002303324606558127,-0.01647748844415229,0.004868616272811261,-0.0032329411780997828,0.07047441320681361,0.0,0.0
4.669338677354709,-0.00260676897011027,-0.015172218177607158,0.004793433733254562,-0.0037591269778349565,0.06804012060756282,0.0,0.0
4.68937875751503,-0.002885036300392894,-0.013913366514131182,0.004708677343734307,-0.0042378194760127365,0.06563398553480486,0.0,0.0
4.709418837675351,-0.003139041237519003,-0.012700246856305468,0.004615220126418879,-0.004672860865771443,0.06308493402321137,0.0,0.0
4.729458917835671,-0.0033697516973339825,-0.011535522990748968,0.004513963837693666,-0.005062814436260617,0.06053867836492114,0.0,0.0
4.749498997995992,-0.0035781322692777645,-0.010419028597189099,0.004405759418215272,-0.005410220973919729,0.05784498380504588,0.0,0.0
4.7695390781563125,-0.0037652030857464915,-0.009353540823436337,0.004291500241545868,-0.0057129588334702205,0.05513205737195358,0.0,0.0
4.789579158316633,-0.003931990048537679,-0.00833934813955936,0.004172052751195824,-0.005972374517502188,0.05247470735904468,0.0,0.0
4.809619238476953,-0.0040794958851061635,-0.0073752918284242346,0.00404821816416322,-0.006191729351630248,0.04969038868519174,0.0,0.0
4.829659318637274,-0.0042087716119839575,-0.006463786343889693,0.0039208443064953575,-0.006368692883393097,0.04710166602025571,0.0,0.0
4.849699398797595,-0.004320790904812559,-0.005600964641430063,0.0037906422697805107,-0.0065101018357423416,0.04432008692465935,0.0,0.0
4.869739478957916,-0.004416601886252176,-0.004790549071980843,0.0036584181276384906,-0.006611207107101015,0.041181686150537855,0.0,0.0
4.889779559118236,-0.004497391340500825,-0.004039472712432467,0.0035251739336340966,-0.006662209700219703,0.03861134405221614,0.0,0.0
4.909819639278557,-0.004564124088455615,-0.003336637397739481,0.003391573013951894,-0.006680045984110133,0.036137037328778945,0.0,0.0
4.929859719438878,-0.004617727373417967,-0.0026801642481175834,0.0032582202690304035,-0.006667637246074529,0.033764335792724295,0.0,0.0
4.949899799599198,-0.004659088860977713,-0.002068074377987303,0.003125662729755012,-0.006627876963769573,0.03149706896353706,0.0,0.0
4.969939879759519,-0.00468905530141668,-0.0014983220219483549,0.002994390766733162,-0.006563598151092484,0.029337952115310695,0.0,0.0
4.98997995991984,-0.004708431610679135,-0.0009688154631227237,0.002864839594065389,-0.0064775586333886675,0.027288267965187064,0.0,0.0
5.01002004008016,-0.004717980494553991,-0.0004774441937427774,0.002737391263303251,-0.006372416538106901,0.025348280021125054,0.0,0.0
5.03006012024048,-0.004718422455341725,-2.209803938673429e-05,0.0026123769183763568,-0.006250717246344716,0.0058719713860578525,0.0,0.0
5.050100200400801,-0.004717321819109712,5.503181160064282e-05,0.002500401295422631,-0.005598781147686291,0.007337358362358973,0.0,0.0
5.070140280561122,-0.004714074658395639,0.00016235803570369503,0.002399901067985889,-0.005025011371837094,0.008789701834929557,0.0,0.0
5.090180360721443,-0.004708085424698444,0.0002994616848597382,0.0023093929026143643,-0.004525408268576236,0.01020014786627093,0.0,0.0
5.110220440881763,-0.0046987777829058915,0.0004653820896276047,0.0022274809839161994,-0.004095595934908241,0.011544075627036743,0.0,0.0
5.130260521042084,-0.004685603818928825,0.0006586981988533198,0.0021528626152145162,-0.0037309184350841473,0.012800724356504485,0.0,0.0
5.150300601202405,-0.004668051767719167,0.0008776025604828959,0.0020843321483429234,-0.0034265233435796343,0.01395309727121386,0.0,0.0
5.170340681362725,-0.004645652300297141,0.0011199733711013502,0.002020783323579044,-0.0031774412381939702,0.01498751772704885,0.0,0.0
5.190380761523046,-0.0046179835436569085,0.0013834378320115815,0.001961210294109594,-0.0029786514734725113,0.01589376292053698,0.0,0.0
5.210420841683367,-0.004584674781671749,0.0016654380992579504,0.0019047072632803982,-0.002825151541459788,0.016664368786500534,0.0,0.0
5.2304609218436875,-0.004545409108142698,0.0019632836764525833,0.0018504671389633276,-0.0027120062158535285,0.017294592026526417,0.0,0.0
5.2505010020040075,-0.004499925046423202,0.002274203085974778,0.0017977792187703076,-0.0026343960096510007,0.017782267987257686,0.0,0.0
5.270541082164328,-0.0044480171904164745,0.002595392800336375,0.00174602597465735,-0.0025876622056478773,0.018127295369141233,0.0,0.0
5.290581162324649,-0.00438953606710438,0.0029240561656047235,0.0016946792180756098,-0.0025673378290870146,0.018331627411588655,0.0,0.0
5.31062124248497,-0.004324387222948799,0.0032574422077790376,0.0016432956266449886,-0.0025691795715310608,0.01839882335470078,0.0,0.0
5.33066132264529,-0.0042525297079147985,0.0035928757517000244,0.0015915118665251755,-0.002589188005990655,0.018333907852814864,0.0,0.0
5.350701402805611,-0.00417397401057818,0.003927784866830896,0.0015390393619657634,-0.0026236252279706034,0.018143301881470203,0.0,0.0
5.370741482965932,-0.004088779469780199,0.00425972703989905,0.0014856587194701323,-0.0026690321247815614,0.0178341514617701,0.0,0.0
5.390781563126252,-0.0039970514231804895,0.004586402329985473,0.001431214164089884,-0.0027222277690124187,0.01741473705436652,0.0,0.0
5.410821643286573,-0.003898937931357314,0.004905674591158778,0.001375607713280733,-0.002780322540457552,0.016893777557828064,0.0,0.0
5.430861723446894,-0.0037946263473830925,0.005215579198711069,0.001318793458721921,-0.002840712727940593,0.016280528457894475,0.0,0.0
5.4509018036072145,-0.0036843396919357873,0.005514332772365248,0.001260771862625391,-0.0029010798048265014,0.01558449377485858,0.0,0.0
5.4709418837675345,-0.003568332944716869,0.005800337360945909,0.0012015842010698766,-0.0029593830777757194,0.014815440777167179,0.0,0.0
5.490981963927855,-0.0034468892448414785,0.006072184993769522,0.0011413071107122127,-0.003013854517883199,0.01398304343696737,0.0,0.0
5.511022044088176,-0.003320316137770587,0.006328655353544588,0.0010800474130560373,-0.003062984882808765,0.013096994139405608,0.0,0.0
5.531062124248497,-0.003188941823709718,0.006568715703043454,0.0010179371182926415,-0.003105514738169791,0.031712666361602415,0.0,0.0
5.551102204408817,-0.0030454841795287046,0.007172882209050669,0.0009436948894202442,-0.0037121114436198662,0.027209660078745184,0.0,0.0
5.571142284569138,-0.0028916791148293894,0.007690253234965759,0.000859486690539081,-0.004210409944058157,0.022812327783420044,0.0,0.0
5.591182364729459,-0.002729218445905485,0.008123033446195216,0.0007673538241519094,-0.004606643319358579,0.018557668590685632,0.0,0.0
5.611222444889779,-0.0025597360428437736,0.008474120153085579,0.0006692041602006778,-0.004907483197561582,0.014477017802290753,0.0,0.0
5.6312625250501,-0.0023847961485381508,0.008746994715281146,0.0005668058367970565,-0.0051199161701810615,0.01059614634120443,0.0,0.0
5.651302605210421,-0.0022058838290110357,0.008945615976355743,0.0004617833347719098,-0.005251125101257337,0.006936137867091441,0.0,0.0
5.671342685370742,-0.0020243972116458014,0.009074330868261702,0.00035561538821608665,-0.0053083973277911565,0.0035131281955463264,0.0,0.0
5.691382765531062,-0.0018416416124186902,0.009137779961355558,0.00024963487028355517,-0.005299025896626574,0.00033891857799100457,0.0,0.0
5.7114228456913825,-0.001658825312781343,0.009140814981867355,0.00014503029479650018,-0.005230228774352749,-0.0025784830235872436,0.0,0.0
5.731462925851703,-0.0014770567754061018,0.009088426868762064,4.2848626499495234e-05,-0.005109083414850247,-0.005234899521802944,0.0,0.0
5.751503006012024,-0.0012973433142671514,0.008985673056947512,-5.600056032308457e-05,-0.00494245934112899,-0.0076293919651336155,0.0,0.0
5.771543086172344,-0.0011205909889478582,0.008837616265964668,-0.00015073989537502805,-0.004736966752597174,-0.009763896917092684,0.0,0.0
5.791583166332665,-0.0009476055831569482,0.008649270289545498,-0.0002407181774381583,-0.0044989141031565125,-0.011642852803875716,0.0,0.0
5.811623246492986,-0.0007790945233743284,0.008425552989130993,-0.000325403671545443,-0.0042342747053642354,-0.013273089369909395,0.0,0.0
5.831663326653306,-0.0006156696964101736,0.008171241348207741,-0.0004043767606370117,-0.003948654454578433,-0.014663214958981447,0.0,0.0
5.851703406813627,-0.00045785092888428914,0.00789093837629422,-0.00047732226378766144,-0.0036472751575324885,-0.015823499257775858,0.0,0.0
5.871743486973948,-0.000306070085070631,0.007589042190682906,-0.0005440214411598231,-0.003334958868608083,-0.016765541976816928,0.0,0.0
5.891783567134269,-0.00016067565610887067,0.007269721448088017,-0.0006043438290813657,-0.0030161193960771293,-0.01750188291744554,0.0,0.0
5.911823647294589,-2.1937690760936518e-05,0.006936898267396708,-0.0006582390818636809,-0.0026947626391157645,-0.018046039142236348,0.0,0.0
5.9318637274549095,0.00010994691544450585,0.006594230310272118,-0.0007057287471733512,-0.002374483265483514,-0.018411912371987336,0.0,0.0
5.95190380761523,0.00023484900157154587,0.006245104306352001,-0.0007468982697517927,-0.0020584761289220775,-0.018613801725059043,0.0,0.0
5.971943887775551,0.000352701585877413,0.005892629215293358,-0.0007818891656074485,-0.0017495447927827904,-0.018666173346494418,0.0,0.0
5.991983967935871,0.000463494261307404,0.0055396337714995495,-0.00081089145209253,-0.0014501143242540769,-0.018583562936634077,0.0,0.0
6.012024048096192,0.0005672675777504343,0.005188665822151515,-0.0008341363431467431,-0.001162244552710655,-0.01838012022606313,0.0,0.0
6.032064128256513,0.0006641075867191178,0.004842000448434173,-0.0008518894301139827,-0.0008876543483619791,-0.013856718183795512,0.0,0.0
6.052104208416833,0.0007557845262205438,0.0045838469750713005,-0.0008669087335484393,-0.0007509651717228318,-0.014214658881167252,0.0,0.0
6.072144288577154,0.000842163023566481,0.004318924867296858,-0.0008790795797366845,-0.0006085423094122583,-0.014464089099463633,0.0,0.0
6.092184368737475,0.0009231492332100202,0.004049310482176959,-0.0008883328082707617,-0.00046266142670385753,-0.014611310702936598,0.0,0.0
6.112224448897796,0.0009986883577696164,0.0037769562279798157,-0.0008946406494954952,-0.00031539206123667746,-0.01466312623189676,0.0,0.0
6.132264529058116,0.0010687619855405648,0.003503681388547421,-0.0008980125700858171,-0.00016859602951609708,-0.014626548919007316,0.0,0.0
6.152304609218437,0.0011333853564622922,0.003231168546086366,-0.0008984912301889427,-2.3933005156280204e-05,-0.014508892520629618,0.0,0.0
6.1723446893787575,0.001192604520328091,0.0029609581932899406,-0.0008961484740880384,0.00011713780504521892,-0.014317541537164273,0.0,0.0
6.192384769539078,0.001246493475754061,0.002694447771298492,-0.0008910814635192295,0.0002533505284404446,-0.014059868616542836,0.0,0.0
6.212424849699398,0.0012951513210302077,0.0024328922638073383,-0.000883408977575126,0.00038362429720517155,-0.013743342182960847,0.0,0.0
6.232464929859719,0.0013386993737935558,0.0021774026381674075,-0.0008732677929018433,0.0005070592336641357,-0.013375010101435403,0.0,0.0
6.25250501002004,0.0013772784599732151,0.001928954308982965,-0.0008608094234051605,0.0006229184748341418,-0.012962068188950274,0.0,0.0
6.27254509018036,0.001411046149225,0.0016883844625892384,-0.0008461968663423284,0.0007306278531416033,-0.012511193833540869,0.0,0.0
6.292585170340681,0.001440174195962077,0.0014564023368538563,-0.0008296017240951268,0.0008297571123600843,-0.01202883093829993,0.0,0.0
6.312625250501002,0.0014648460739640453,0.0012335939000984056,-0.0008112015167892393,0.0009200103652943693,-0.01152120089489591,0.0,0.0
6.332665330661323,0.0014852545995119747,0.0010204262773964674,-0.0007911771623939297,0.001001217719765484,-0.010994078163780003,0.0,0.0
6.352705410821643,0.0015015997299015493,0.0008172565194787373,-0.0007697107396909613,0.001073321135148417,-0.010452847344945544,0.0,0.0
6.372745490981964,0.0015140865144225935,0.000624339226052212,-0.0007469834866210822,0.001136362653493959,-0.009902509593999461,0.0,0.0
6.3927855711422845,0.0015229231947275126,0.0004418340152459537,-0.0007231740176323532,0.0011904734494364503,-0.009347708906978626,0.0,0.0
6.4128256513026045,0.0015283194438206564,0.00026981245465719733,-0.0006984567334129762,0.001235864210968851,-0.008792590719014266,0.0,0.0
6.432865731462925,0.0015304847983912647,0.00010826772853041798,-0.0006730004956964022,0.0012728118858286997,-0.00824095518982231,0.0,0.0
6.452905811623246,0.0015296272242941568,-4.287870485539396e-05,-0.0006469674691141448,0.0013016513291128691,-0.007696223702267271,0.0,0.0
6.472945891783567,0.0015259518279193399,-0.00018376981874085205,-0.0006205121423905053,0.001322766336181972,-0.007161283709498951,0.0,0.0
6.492985971943887,0.0015196597737146698,-0.0003146027102334984,-0.000593780613467206,0.0013365764461649669,-0.00663884458475713,0.0,0.0
6.513026052104208,0.0015109472687948,-0.0004356252459934983,-0.0005669099258873323,0.0013435343789936825,-0.0061310609740524834,0.0,0.0
6.533066132264529,0.0015000047614238017,-0.0005471253685499062,-0.0005400276725825286,0.001344112665240182,-0.0015402346265979841,0.0,0.0
6.55310621242485,0.001488616006229574,-0.0005694377597113818,-0.0005156498449348962,0.0012188913823816209,-0.0018082330128844117,0.0,0.0
6.57314629258517,0.0014766694356772797,-0.0005973285276147126,-0.0004934659441109899,0.0011091950411953133,-0.0020680579290476503,0.0,0.0
6.593186372745491,0.001464057300591851,-0.0006306067542714343,-0.0004731840874649365,0.001014092832302669,-0.0023146715281930513,0.0,0.0
6.613226452905812,0.0014506775523932098,-0.0006689874099320682,-0.00045453211493086274,0.0009325986267036884,-0.0025438301927438916,0.0,0.0
6.633266533066132,0.0014364354210556392,-0.0007121065668785314,-0.0004372583551827952,0.0008636879874033749,-0.002752048332322017,0.0,0.0
6.6533066132264524,0.0014212447031379462,-0.0007595358958846507,-0.0004211320775707781,0.0008063138806008565,-0.0029366545676564296,0.0,0.0
6.673346693386773,0.0014050287380895435,-0.0008107982524201336,-0.0004059435998170787,0.0007594238876849715,-0.0030955716016525065,0.0,0.0
6.693386773547094,0.0013877211587633802,-0.0008653789663081574,-0.0003915041809212347,0.0007219709447921997,-0.0032272957640620274,0.0,0.0
6.713426853707414,0.0013692664240872365,-0.0009227367338071841,-0.0003776457105644651,0.000692923517838479,-0.003330953137868091,0.0,0.0
6.733466933867735,0.0013496201119023825,-0.0009823156092427028,-0.00036422016022241233,0.0006712775171026389,-0.0034061350826236985,0.0,0.0
6.753507014028056,0.001328749035995358,-0.0010435537953512278,-0.00035109888873942937,0.000656063574149148,-0.0034529101446034295,0.0,0.0
6.773547094188377,0.0013066311824761771,-0.0011058926759590399,-0.0003381717910182524,0.0006463548860588503,-0.003471720468678753,0.0,0.0
6.793587174348697,0.0012832555056817314,-0.0011687838397222855,-0.0003253463450530016,0.0006412722982625383,-0.003463382692079395,0.0,0.0
6.813627254509018,0.001258621582982468,-0.0012316961349631672,-0.00031254655077327256,0.000639989713986451,-0.0034289115450019786,0.0,0.0
6.833667334669339,0.0012327391970238211,-0.0012941192979323453,-0.0002997118571966224,0.0006417346788325056,-0.0033697161963205822,0.0,0.0
6.853707414829659,0.001205627768475664,-0.0013555714274078568,-0.00028679595626703594,0.0006457950464793238,-0.003287289309556549,0.0,0.0
6.8737474949899795,0.0011773157602825192,-0.0014156004096572488,-0.0002737656176673065,0.0006515169299864732,-0.003183379799708093,0.0,0.0
6.8937875751503,0.0011478399856663219,-0.0014737887308098653,-0.0002605994561994833,0.0006583080733911611,-0.0030597732685951765,0.0,0.0
6.913827655310621,0.0011172449052082767,-0.0015297540229022618,-0.00024728675239996535,0.0006656351899758977,-0.002918429756837263,0.0,0.0
6.933867735470941,0.001085581858917337,-0.0015831523145469904,-0.0002338262383707717,0.0006730257014596813,-0.002761307163811555,0.0,0.0
6.953907815631262,0.0010529083018434187,-0.0016336778536959137,-0.0002202249444650617,0.0006800646952855008,-0.0025904013387794125,0.0,0.0
6.973947895791583,0.0010192870272601633,-0.0016810637291627686,-0.000206497076101842,0.0006863934181609854,-0.002407694923538845,0.0,0.0
6.993987975951904,0.0009847853970582328,-0.001725081510096525,-0.00019266294355272992,0.0006917066274556035,-0.0022151537890231334,0.0,0.0
7.014028056112224,0.0009494745804329075,-0.001765540831266265,-0.00017874794003648888,0.000695750175812052,-0.002014751478437604,0.0,0.0
7.034068136272545,0.0009134287910347214,-0.0018022894699093062,-0.0001647815473786,0.0006983196328944438,-0.004373324814228282,0.0,0.0
7.054108216432866,0.0008757236487819169,-0.0018852571126402268,-0.0001492959904444498,0.0007742778467075112,-0.0036989718633162515,0.0,0.0
7.074148296593186,0.0008366178650401563,-0.0019552891870880306,-0.00013258809568197485,0.0008353947381237471,-0.0030392723350887467,0.0,0.0
7.0941883767535066,0.0007963640826606197,-0.002012689118976827,-0.00011493840959787384,0.0008824843042050505,-0.0023996186536678187,0.0,0.0
7.114228456913827,0.0007552068521305475,-0.0020578615265036118,-9.660981346265014e-05,0.0009164298067611846,-0.0017845665821062467,0.0,0.0
7.134268537074148,0.0007133809291472062,-0.0020912961491670644,-7.784651604278339e-05,0.0009381648709933377,-0.0011979024198546765,0.0,0.0
7.154308617234468,0.0006711098671043643,-0.002113553102142098,-5.8873378699510183e-05,0.0009486568671636602,-0.0006427999457496741,0.0,0.0
7.174348697394789,0.0006286048430545872,-0.0021252512024888485,-3.9895476790849176e-05,0.0009488950954330505,-0.00012156233365819566,0.0,0.0
7.19438877755511,0.0005860638177328856,-0.002127051266085081,-2.1098045583623726e-05,0.0009398715603612726,0.00036381700264640035,0.0,0.0
7.214428857715431,0.0005436708107699248,-0.0021196503481480363,-2.6464822550585373e-06,0.0009225781664282594,0.0008121865687887139,0.0,0.0
7.234468937875751,0.0005015954987578097,-0.0021037656006057575,1.531328470431098e-05,0.0008979883479684758,0.0012228501830689553,0.0,0.0
7.254509018036072,0.00045999298541030706,-0.0020801256673751295,3.265428251162268e-05,0.0008670498903655849,0.0015954077896356352,0.0,0.0
7.274549098196393,0.0004190036818456987,-0.0020494651782304186,4.92679274217784e-05,0.0008306822455077858,0.001930108984783587,0.0,0.0
7.294589178356713,0.00037875343510986796,-0.0020125123367915362,6.506319398969984e-05,0.0007897633283960722,0.0022274224475350656,0.0,0.0
7.314629258517034,0.00033935373715832974,-0.001969984897576911,7.996576689780985e-05,0.0007451286454055003,0.0024882382399700883,0.0,0.0
7.3346693386773545,0.0003009020934831809,-0.0019225821837574415,9.391705165983185e-05,0.0006975642381011,0.002713631447759863,0.0,0.0
7.354709418837675,0.00026348245943491367,-0.0018709817024133617,0.00010687317622642865,0.0006478062283298402,0.002905029861010878,0.0,0.0
7.374749498997995,0.0002271658099587027,-0.0018158324738105475,0.00011880387910795793,0.0005965351440764639,0.0030639416096825993,0.0,0.0
7.394789579158316,0.00019201073678010952,-0.0017577536589296588,0.0001296914363289061,0.0005443778610474076,0.003192120052823409,0.0,0.0
7.414829659318637,0.00015806413769185488,-0.0016973299544127322,0.00013952952399154137,0.0004919043831317644,0.0032914261893285854,0.0,0.0
7.434869739478958,0.0001253619445767805,-0.0016351096557537192,0.00014832208976216696,0.00043962828853127945,0.0033637643977184133,0.0,0.0
7.454909819639278,9.392986541445909e-05,-0.0015716039581160702,0.0001560822637540849,0.0003880086995958979,0.003411086412664461,0.0,0.0
7.474949899799599,6.378414213537741e-05,-0.0015072861639540836,0.0001628312996131273,0.0003374517929521194,0.0034355142225018726,0.0,0.0
7.49498997995992,3.493237258402888e-05,-0.0014425884775674264,0.00016859746723644247,0.00028830838116575844,0.00343906005760941,0.0,0.0
7.51503006012024,7.374287640470186e-06,-0.0013779042471779347,0.00017341505394138045,0.00024087933524689862,0.0034237034185243885,0.0,0.0
7.535070140280561,-1.8897486154977686e-05,-0.0013135886897723936,0.00017732342272642888,0.00019541843925242146,0.001435994766868775,0.0,0.0
7.5551102204408815,-4.4659724815031596e-05,-0.0012881119330026957,0.0001815099766748427,0.00020932769742069166,0.0017423835730060679,0.0,0.0
7.575150300601202,-6.97940674621839e-05,-0.0012567171323576147,0.0001858218869287158,0.00021559551269365493,0.0020225215253721813,0.0,0.0
7.595190380761522,-9.419243291813745e-05,-0.0012199182727976779,0.0001901224711824535,0.0002150292126868856,0.002275392269879428,0.0,0.0
7.615230460921843,-0.00011775737713345476,-0.0011782472107658654,0.00019429092630235745,0.00020842275599519816,0.0025003941896127053,0.0,0.0
7.635270541082164,-0.00014040229332750706,-0.0011322458097026147,0.00019822191847022677,0.00019654960839346543,0.0026971677656514627,0.0,0.0
7.655310621242485,-0.00016205152208955168,-0.0010824614381022312,0.00020182512925576257,0.0001801605392767904,0.0028659561162927426,0.0,0.0
7.675350701402805,-0.00018264023061902304,-0.0010294354264735674,0.0002050245438494246,0.00015997072968310168,0.003007063996572693,0.0,0.0
7.695390781563126,-0.00020211427201350784,-0.0009737020697242394,0.00020775779343826492,0.00013666247944201483,0.0031212324182281997,0.0,0.0
7.715430861723447,-0.0002204298782294318,-0.000915780310796197,0.00020997532843501423,0.0001108767498374665,0.0032093993781151025,0.0,0.0
7.735470941883767,-0.00023755327984848333,-0.000856170080952577,0.00021163955731432656,8.321144396561651e-05,0.0032725735397547443,0.0,0.0
7.755511022044088,-0.0002534603016956867,-0.0007953510923601688,0.0002127240195186192,5.4223110214630986e-05,0.0033120603226528427,0.0,0.0
7.775551102204409,-0.0002681358458461032,-0.0007337772075208251,0.0002132124549615879,2.4421772148436074e-05,0.003329372507114691,0.0,0.0
7.7955911823647295,-0.0002815732966377774,-0.0006718725395837101,0.00021309781655548668,-5.731920305061979e-06,0.0033259155567176746,0.0,0.0
7.8156312625250495,-0.000293773970203256,-0.0006100336782739283,0.00021238140361316216,-3.58206471162249e-05,0.0033032496147235905,0.0,0.0
7.83567134268537,-0.0003047465060334505,-0.000548626791509724,0.00021107195739911088,-6.547231070256502e-05,0.003263039627030642,0.0,0.0
7.855711422845691,-0.00031450621977791965,-0.0004879856872234569,0.00020918474230283892,-9.436075481359808e-05,0.0032068910739842214,0.0,0.0
7.875751503006012,-0.0003230744811199306,-0.00042841306710054755,0.00020674070293292282,-0.000122201968495805,0.0031364920136880197,0.0,0.0
7.895791583166332,-0.0003304780610556881,-0.00037017899678787704,0.0002037656087248217,-0.00014875471040505612,0.0030535362331939944,0.0,0.0
7.915831663326653,-0.00033674847832095337,-0.0003135208632632619,0.00020028922562283856,-0.00017381915509915647,0.002959515796358041,0.0,0.0
7.935871743486974,-0.00034192142568085934,-0.0002586473679952993,0.00019634463096684544,-0.00019722973279965656,0.0028561125430682883,0.0,0.0
7.955911823647294,-0.00034603612311334057,-0.0002057348716240602,0.0001919674382467699,-0.0002188596360037762,0.0027446936695154477,0.0,0.0
7.975951903807615,-0.000349134794501689,-0.00015493356941742174,0.00018719522190829648,-0.00023861081692367066,0.002626825317743097,0.0,0.0
7.995991983967936,-0.00035126206725533474,-0.00010636363768228577,0.00018206683814633078,-0.0002564191880982843,0.002503808598907247,0.0,0.0
8.016032064128256,-0.0003524644757199833,-6.012042323242906e-05,0.00017662190881722806,-0.00027224646645513637,0.002376975157712792,0.0,0.0
8.036072144288577,-0.0003527899528922329,-1.627385861248064e-05,0.00017090029231797105,-0.0002860808249628505,0.0018201157136282261,0.0,0.0
8.056112224448897,-0.00035245415981574894,1.6789653824198644e-05,0.00016519165606138526,-0.0002854318128292891,0.0017663914598963573,0.0,0.0
8.076152304609218,-0.00035147642478834863,4.888675137001654e-05,0.00015949142856930854,-0.00028501137460383563,0.0017092743673006478,0.0,0.0
8.09619238476954,-0.00034987740249228035,7.995111480341456e-05,0.0001537970761101989,-0.0002847176229554822,0.0016491242131161073,0.0,0.0
8.11623246492986,-0.000347678932873492,0.00010992348093941684,0.00014810787626122504,-0.0002844599924486939,0.0015861504850446125,0.0,0.0
8.13627254509018,-0.00034490395918699646,0.00013874868432477865,0.00014242479080790973,-0.0002841542726657652,0.0015207995023348822,0.0,0.0
8.1563126252505,-0.0003415763541071499,0.00016638025399232635,0.00013675021072423872,-0.00028372900418355057,0.0014534307247952773,0.0,0.0
8.176352705410821,-0.00033772078014240674,0.0001927786982371586,0.00013108776097572064,-0.0002831224874259042,0.0013843370817796243,0.0,0.0
8.196392785571142,-0.00033336257636569895,0.00021791018883538868,0.00012544215202256614,-0.00028228044765772587,0.0013138499729589655,0.0,0.0
8.216432865731463,-0.0003285276304438383,0.00024174729609303169,0.00011981901566389543,-0.0002811568179335351,0.001242375043040104,0.0,0.0
8.236472945891784,-0.00032324222195865963,0.0002642704242589346,0.00011422470326054382,-0.00027971562016758085,0.001170208280743669,0.0,0.0
8.256513026052104,-0.00031753290872504127,0.00028546566168091735,0.00010866615264127726,-0.00027792753096332834,0.001097762345885369,0.0,0.0
8.276553106212425,-0.00031142636774892654,0.00030532704880573705,0.0001031506904577849,-0.000275773109174618,0.0010252289942162915,0.0,0.0
8.296593186372744,-0.00030494932249932016,0.00032385226248031755,9.768596621461526e-05,-0.0002732362121584819,0.000953036397968805,0.0,0.0
8.316633266533065,-0.0002981283780169529,0.00034104722411836273,9.227975003765255e-05,-0.00027031080884813545,0.0008813721540707578,0.0,0.0
8.336673346693386,-0.0002909899499362753,0.00035692140403388,8.693987193340784e-05,-0.0002669939052122357,0.0008105590658076318,0.0,0.0
8.356713426853707,-0.0002835601407635704,0.0003714904586352439,8.167408233378308e-05,-0.0002632894799812383,0.0007408099082719822,0.0,0.0
8.376753507014028,-0.0002758646590681265,0.00038477408477219615,7.648997650261234e-05,-0.00025920529155853684,0.0006723727568707639,0.0,0.0
8.396793587174349,-0.0002679287248538298,0.0003967967107148349,7.139489731396277e-05,-0.0002547539594324785,0.0006053668837235349,0.0,0.0
8.41683366733467,-0.0002597770251208136,0.00040758498665081005,6.639591178537073e-05,-0.00024994927642960204,0.000540078165703153,0.0,0.0
8.436873747494989,-0.00025143360433451875,0.0004171710393147443,6.149968841215858e-05,-0.0002448111686606079,0.0004766510314535399,0.0,0.0
8.45691382765531,-0.00024292180997730905,0.0004255897178604854,5.671245473212911e-05,-0.00023936168400147357,0.0004152331782992829,0.0,0.0
8.47695390781563,-0.0002342642366981678,0.0004328786639570623,5.203995019748428e-05,-0.00023362522673224146,0.0003558016548837186,0.0,0.0
8.496993987975952,-0.00022548273691405457,0.00043907498920566103,4.7487475793824425e-05,-0.00022762372018299274,0.0002986464091357265,0.0,0.0
8.517034068136272,-0.00021659830918412354,0.0004442213864965518,4.305975785638328e-05,-0.00022138589687205706,0.00024376549933929597,0.0,0.0
8.537074148296593,-0.00020763110032217408,0.00044836044309747307,3.8760979010214865e-05,-0.00021493894230842082,0.0005345746498926288,0.0,0.0
8.557114228456914,-0.00019846639682778,0.00045823517471970293,3.439391545007132e-05,-0.00021835317800717732,0.00042233207696355004,0.0,0.0
8.577154308617233,-0.0001891467469167733,0.0004659824955503353,2.9996687340796027e-05,-0.00021986140546376468,0.00031475094322621597,0.0,0.0
8.597194388777554,-0.00017971287114362566,0.00047169378865738297,2.5604497810811762e-05,-0.00021960947649921327,0.00021243066004277694,0.0,0.0
8.617234468937875,-0.0001702034385860285,0.0004754716278798572,2.1249504303787192e-05,-0.0002177496753512284,0.0001157217151618664,0.0,0.0
8.637274549098196,-0.0001606549392929501,0.00047742496465392066,1.696081633788761e-05,-0.000214434398294979,2.500064272760211e-05,0.0,0.0
8.657314629258517,-0.00015110154569506165,0.00047766967989442235,1.2764458808313331e-05,-0.00020981787647871407,-5.957778781277799e-05,0.0,0.0
8.677354709418838,-0.00014157505966936232,0.0004763243012849664,8.6834455646316e-06,-0.00020405066218408653,-0.00013782670121668643,0.0,0.0
8.697394789579159,-0.00013210484621220878,0.00047351067285767746,4.737815219373233e-06,-0.00019728151726291837,-0.0002097039417929972,0.0,0.0
8.71743486973948,-0.0001227178227328733,0.00046935117396677297,9.447328518443291e-07,-0.0001896541183764452,-0.0002752143653776901,0.0,0.0
8.737474949899799,-0.00011343846586856453,0.00046396784321543907,-2.681398908105524e-06,-0.00018130658799749266,-0.0003343721572930454,0.0,0.0
8.75751503006012,-0.0001042888211482365,0.0004574822360164015,-6.1288407588578414e-06,-0.00017237209253761584,-0.0003873758270069812,0.0,0.0
8.77755511022044,-9.528858382107619e-05,0.00045001186635801587,-9.388326576045634e-06,-0.00016297429085938966,-0.0004343539129863498,0.0,0.0
8.797595190380761,-8.645515167157814e-05,0.0004416716074749019,-1.245292978864524e-05,-0.0001532301606299803,-0.0004754972852777976,0.0,0.0
8.817635270541082,-7.780370148742402e-05,0.000432572509207706,-1.53179080460025e-05,-0.00014324891286786312,-0.0005110904512841313,0.0,0.0
8.837675350701403,-6.934730144102093e-05,0.0004228200023201544,-1.7980506883212104e-05,-0.0001331299418604802,-0.0005413247739120963,0.0,0.0
8.857715430861724,-6.10969865538278e-05,0.00041251574435965607,-2.0439830409193837e-05,-0.00012296617629908667,-0.0005665101228343451,0.0,0.0
8.877755511022043,-5.306187987237499e-05,0.0004017553340726408,-2.2696654391644945e-05,-0.00011284119912255534,-0.0005869925854205311,0.0,0.0
8.897795591182364,-4.524932729821402e-05,0.00039062762870804873,-2.4753228697103808e-05,-0.00010282871527294318,-0.0006030051160576384,0.0,0.0
8.917835671342685,-3.766498784789714e-05,0.00037921697251584377,-2.6613155206498045e-05,-9.299632546971178e-05,-0.0006149793911099843,0.0,0.0
8.937875751503006,-3.03130010719153e-05,0.0003675993387990919,-2.8281158009425428e-05,-8.340014014636911e-05,-0.0006230947803428135,0.0,0.0
8.957915831663327,-2.319605569535747e-05,0.00035584726882789154,-2.9763008267771412e-05,-7.409251291729918e-05,-0.0006277987193033448,0.0,0.0
8.977955911823647,-1.6315562564696337e-05,0.00034402465653305677,-3.1065298870802674e-05,-6.511453015156317e-05,-0.000629323529168851,0.0,0.0
8.997995991983968,-9.67174341580177e-06,0.00033219095744472827,-3.219535010828979e-05,-5.6502561874355794e-05,-0.0006280845459867777,0.0,0.0
9.018036072144287,-3.2637908506275214e-06,0.00032039762825871246,-3.316101287178008e-05,-4.828313817451465e-05,-0.0006242873386524555,0.0,0.0
9.038076152304608,2.910053694803162e-06,0.00030869222727153417,-3.397059791007668e-05,-4.047925191482997e-05,-1.717673061859431e-05,0.0,0.0
9.05811623246493,9.08693266284932e-06,0.0003088439484023079,-3.498435409100256e-05,-5.068780904629375e-05,-0.00011786038083160747,0.0,0.0
9.07815631262525,1.5227847248632863e-05,0.00030704572928917716,-3.6149776908932535e-05,-5.827114089649858e-05,-0.000212839792741123,0.0,0.0
9.098196392785571,2.1296068063030873e-05,0.0003034110407199005,-3.741865509842645e-05,-6.344390947469595e-05,-0.00030145345425034895,0.0,0.0
9.118236472945892,2.7257379452807036e-05,0.00029806556948880813,-3.874715358034451e-05,-6.642492409590268e-05,-0.00038321842034215865,0.0,0.0
9.138276553106213,3.3080255393590636e-05,0.00029114379703917983,-4.0095819547246895e-05,-6.743329834511922e-05,-0.0004578156483316433,0.0,0.0
9.158316633266534,3.873597268001413e-05,0.0002827858643211747,-4.142952030494107e-05,-6.668503788470891e-05,-0.000524981958327748,0.0,0.0
9.178356713426853,4.419870355503668e-05,0.00027313654375112734,-4.271737567847073e-05,-6.439276867648286e-05,-0.000584604746021361,0.0,0.0
9.198396793587174,4.944555079967974e-05,0.00026234236223215317,-4.393262915182724e-05,-6.076267366782557e-05,-0.000636676597198537,0.0,0.0
9.218436873747494,5.445654295683875e-05,0.0002505496078579504,-4.505248347809566e-05,-5.599271631342098e-05,-0.0006812509039648235,0.0,0.0
9.238476953907815,5.921460696175684e-05,0.0002379032002459045,-4.605792568672285e-05,-5.02721104313593e-05,-0.000718494886584741,0.0,0.0
9.258517034068136,6.370549743849738e-05,0.00022454452383702662,-4.693350936803053e-05,-4.3779184065383895e-05,-0.0007485675960061112,0.0,0.0
9.278557114228457,6.791773020660514e-05,0.0002106116384053882,-4.7667164227345864e-05,-3.66827429657668e-05,-0.0007717974351193416,0.0,0.0
9.298597194388778,7.184245066994445e-05,0.00019623602316696555,-4.8249927862564185e-05,-2.9138181760916205e-05,-0.0007884432079645851,0.0,0.0
9.318637274549097,7.547333025565995e-05,0.00018154397928577554,-4.867573785360927e-05,-2.129049955225429e-05,-0.0007989113524442775,0.0,0.0
9.338677354709418,7.880640607379811e-05,0.00016665379090690833,-4.894115577732582e-05,-1.3270896185827302e-05,-0.0008036202094697114,0.0,0.0
9.358717434869739,8.183991668419898e-05,0.00015167553052004333,-4.904510080638951e-05,-5.197251453184778e-06,-0.0008029298174819601,0.0,0.0
9.37875751503006,8.45741612903059e-05,0.00013671223030534656,-4.898863228064991e-05,2.823426286980206e-06,-0.000797254912974944,0.0,0.0
9.39879759519038,8.701133820182039e-05,0.00012185884557572416,-4.877471377748722e-05,1.0695925158134233e-05,-0.0007870933287159553,0.0,0.0
9.418837675350701,8.91553514168498e-05,0.00010720066075147082,-4.840794058120112e-05,1.833865981430498e-05,-0.0007727893755230258,0.0,0.0
9.438877755511022,9.10116775800294e-05,9.281630815897963e-05,-4.789436724823761e-05,2.567866664817537e-05,-0.000754885022732945,0.0,0.0
9.458917835671341,9.258715622741912e-05,7.877393236948587e-05,-4.724122874961297e-05,3.2656924931232e-05,-0.0007337900594522217,0.0,0.0
9.478957915831662,9.388983194992248e-05,6.513378612516797e-05,-4.645674637897982e-05,3.922411853165755e-05,-0.0007098939898772592,0.0,0.0
9.498997995991983,9.492880475512271e-05,5.1948640260011666e-05,-4.554995174659256e-05,4.5339731619362655e-05,-0.000683672737909344,0.0,0.0
9.519038076152304,9.571404693816402e-05,3.926210915206548e-05,-4.453046532990429e-05,5.097432083441365e-05,-0.0006554221420550231,0.0,0.0
9.539078156312625,9.625629039543943e-05,2.711217286377033e-05,-4.3408384082750896e-05,5.610406235766964e-05,-0.0004388999887830165,0.0,0.0
9.559118236472946,9.663970608540131e-05,1.917078449809395e-05,-4.230329186503469e-05,5.5254610885810365e-05,-0.0004416394658436149,0.0,0.0
9.579158316633267,9.686290823235764e-05,1.1160107347816403e-05,-4.1206617428004474e-05,5.483372185151071e-05,-0.0004420850757659625,0.0,0.0
9.599198396793588,9.69254086002173e-05,3.1250183929826323e-06,-4.011118445702571e-05,5.4771648548938e-05,-0.0004405410588791855,0.0,0.0
9.619238476953907,9.682749571298539e-05,-4.895644361595575e-06,-3.9010988345110324e-05,5.500980559576933e-05,-0.00043686185766283087,0.0,0.0
9.639278557114228,9.657028993395954e-05,-1.2860288951292869e-05,-3.790124347507073e-05,5.5487243501979755e-05,-0.0004312358253528738,0.0,0.0
9.659318637274549,9.615566859365223e-05,-2.0731067015365203e-05,-3.677824285969945e-05,5.615003076856386e-05,-0.00042374994704218237,0.0,0.0
9.67935871743487,9.55862309833804e-05,-2.8471880513591864e-05,-3.563928388148149e-05,5.6947948910897993e-05,-0.000414456240178079,0.0,0.0
9.69939879759519,9.486527728203125e-05,-3.6047685067458046e-05,-3.448262082102203e-05,5.783315302297291e-05,-0.0004035630134738673,0.0,0.0
9.719438877755511,9.39967267681844e-05,-4.342752569234218e-05,-3.330733199343955e-05,5.876444137912385e-05,-0.0003911728206524381,0.0,0.0
9.739478957915832,9.298507753678693e-05,-5.0582461569873344e-05,-3.2113253944998455e-05,5.970390242205496e-05,-0.000377411356659725,0.0,0.0
9.759519038076151,9.183535740285695e-05,-5.748600669649954e-05,-3.0900906894155996e-05,6.061735254212289e-05,-0.00036245073323677306,0.0,0.0
9.779559118236472,9.055305688810951e-05,-6.4115025737372e-05,-2.9671397331261067e-05,6.14754781447465e-05,-0.0003464425307937407,0.0,0.0
9.799599198396793,8.914407038749035e-05,-7.044932503095815e-05,-2.8426336325576162e-05,6.225305028424529e-05,-0.00032953893681252414,0.0,0.0
9.819639278557114,8.761463724344529e-05,-7.647165720225305e-05,-2.7167760659060302e-05,6.292878332579302e-05,-0.0003118658863698732,0.0,0.0
9.839679358717435,8.597129318658755e-05,-8.216720284288703e-05,-2.5898072001663402e-05,6.348443286984494e-05,-0.00029361149726818994,0.0,0.0
9.859719438877756,8.422079761563492e-05,-8.752477854763177e-05,-2.461994201236326e-05,6.390649946500712e-05,-0.0002749281053168948,0.0,0.0
9.879759519038076,8.237007491780219e-05,-9.25361348916368e-05,-2.3336240074274593e-05,6.418509690443326e-05,-0.000255859989963341,0.0,0.0
9.899799599198396,8.042619801227793e-05,-9.719384527621303e-05,-2.2050025486716887e-05,6.43107293778853e-05,-0.00023657757985158132,0.0,0.0
9.919839679358716,7.839632272143329e-05,-0.00010149376454223173,-2.0764467060960243e-05,6.42779212878322e-05,-0.00021727001042292645,0.0,0.0
9.939879759519037,7.628761487354104e-05,-0.00010543539239461251,-1.9482752463574608e-05,6.408572986928175e-05,-0.00019796194563623124,0.0,0.0
9.959919839679358,7.410724159195907e-05,-0.00010901866407909834,-1.8208093890138403e-05,6.373292867181025e-05,-0.0001788027175694438,0.0,0.0
9.97995991983968,7.186231394259498e-05,-0.00011224638246820455,-1.69436609660823e-05,6.322164620280521e-05,-0.00015988936936232076,0.0,0.0
10.0,6.955984997367517e-05,-0.0001151231984459907,-1.5692543966727858e-05,6.255584996772209e-05,-0.0001413059284934606,0.0,0.0
