time,x,x_dot,z,z_dot,theta,theta_dot,u1,u2,x_ref,z_ref,theta_ref
0.0,-0.11271552607466573,0.013698238384911285,1.4081037749608196,-0.04915008930023961,0.03551250822193936,-0.028175335877937344,0.056323374906967885,0.056323374907001615,0,1,0
0.02004008016032064,-0.11238253939657732,0.016649333904420388,1.404869388249253,-0.16171933557833143,0.034949465011337125,-0.02815216053011148,0.05632337535002077,0.05757220317222356,0,1,0
0.04008016032064128,-0.11198995326662939,0.019629306497396682,1.3994042877421935,-0.27325502535297214,0.03538594685310386,0.021824092088336747,0.056323374906215806,0.057004406138536884,0,1,0
0.06012024048096192,-0.11153910148360463,0.022542589151238204,1.3917026619131037,-0.38508129145449194,0.0363668963053656,0.04904747261308671,0.05632337493155091,0.056753851453311764,0,1,0
0.08016032064128256,-0.11102948270048343,0.025480939156059774,1.3817637435102978,-0.4969459201402868,0.03769140306225389,0.06622533784441464,0.05632337491345084,0.05650447630275074,0,1,0
0.1002004008016032,-0.11045969974905955,0.028489147571194542,1.369587151231923,-0.6088296139187415,0.03915966051383909,0.07341287257926038,0.056323374905159575,0.05635976337464497,0,1,0
0.12024048096192384,-0.10982774407701154,0.031597783602399926,1.3551744316734007,-0.7206359779261202,0.040655767354317654,0.07480534202392777,0.05632337491178775,0.05632337490533402,0,1,0
0.1402805611222445,-0.10913132411120827,0.03482099829016362,1.3385291206875012,-0.8322655492949773,0.04215058777592545,0.07474102108039005,0.05632342357458403,0.05632339295242442,0,1,0
0.16032064128256512,-0.10836809602047687,0.03816140453656985,1.3196556810099358,-0.9436719838782687,0.04364409846400067,0.07467553440376036,0.05632338658653822,0.05632337490527136,0,1,0
0.18036072144288576,-0.10753573337444237,0.04161813230172467,1.2985589586466033,-1.054836118166626,0.0451363162936805,0.07461089148399146,0.05656417444523422,0.056323374912270796,0,1,0
0.2004008016032064,-0.10663177199405469,0.045198069019384106,1.2752477459726148,-1.16556063369942,0.04643461238116603,0.06491480437427667,0.056760000284507034,0.056323374906064726,0,1,0
0.22044088176352705,-0.10565378569757942,0.04889931482376329,1.2497305381285313,-1.275860392204171,0.04738250291799062,0.04739452684122897,0.0902367648837262,0.0897037060119003,0,1,0
0.24048096192384769,-0.10455384053916683,0.0549972579206297,1.2230027196111632,-1.3363909258684037,0.04790315229666456,0.026032468933697303,0.12979608553017657,0.12910397288437023,0,1,0
0.2605210420841683,-0.10327428203014943,0.06397792545086983,1.196236134205694,-1.3383292702734584,0.047869684271215025,-0.0016734012724771291,0.15772423129093502,0.15690996443767724,0,1,0
0.280561122244489,-0.10177391565474389,0.0750183187702775,1.1702555530545524,-1.2990290575570775,0.04718482958274817,-0.03424273442334293,0.17644374246948008,0.17558817914938626,0,1,0
0.3006012024048096,-0.10002675254536313,0.08735815546903808,1.1456121144110003,-1.2321719321776041,0.04581609104349469,-0.06843692696267428,0.18806085393891217,0.18722558538005857,0,1,0
0.32064128256513025,-0.0980204728950419,0.10031398251606147,1.122646354513404,-1.1482879948798121,0.04378030821170298,-0.10178914158958577,0.19435954804048555,0.1935876169611274,0,1,0
0.3406813627254509,-0.0957544186145155,0.1133027140263197,1.1015414788924787,-1.0552437810462718,0.04112877619879926,-0.13257660064518598,0.1967720291085956,0.19609079600458915,0,1,0
0.3607214428857715,-0.09323737284419044,0.1258522885162533,1.0823660192766882,-0.9587729807895264,0.0379346620689235,-0.15970570649378854,0.19642995701873955,0.19585452421924407,0,1,0
0.3807615230460922,-0.09048533037638225,0.13760212339040934,1.0651074413635548,-0.862928895656669,0.03428316743360017,-0.18257473176616537,0.1942045656017474,0.19374095036210817,0,1,0
0.4008016032064128,-0.08751944224764305,0.14829440643695968,1.0496979413269527,-0.7704750018301039,0.030264237611346036,-0.20094649111270727,0.19076376163821418,0.1904115642869487,0,1,0
0.42084168336673344,-0.08436422793683604,0.15776071554035015,1.0360341649335487,-0.6831888196702051,0.025967413399172603,-0.2148412106086721,0.18660519654665284,0.18635971264334814,0,1,0
0.4408817635270541,-0.08104611098755386,0.1659058474641086,1.0239918598630149,-0.6021152535266928,0.02147837984447947,-0.22445167773465624,0.18209258167011333,0.18194640354858466,0,1,0
0.4609218436873747,-0.07759227546562548,0.17269177609641867,1.0134365574192752,-0.5277651221869892,0.016876802254475944,-0.23007887950017655,0.1774848201930826,0.17742900778396825,0,1,0
0.48096192384769537,-0.07402981307943163,0.178123119309693,1.0042311581826127,-0.4602699618331225,0.012235103452523929,-0.23208494009760092,0.1729600699941252,0.17298497840964216,0,1,0
0.501002004008016,-0.07038511582858914,0.18223486254212443,0.9962411397724503,-0.3995009205081159,0.007617906341971538,-0.23085985552761953,0.16863530345426414,0.1687311473060049,0,1,0
0.5210420841683366,-0.06668346486608573,0.18508254812517075,0.9893379675241105,-0.3451586124169927,0.0030819299934672023,-0.22679881742521682,0.16458197180473239,0.16473919378838248,0,1,0
0.5410821643286573,-0.06294876890026531,0.18673479829102113,0.9834011712355466,-0.29683981442819823,-0.0013238182778202666,-0.2202874135643734,0.16083837097700987,0.16104786902163726,0,1,0
0.561122244488978,-0.05920341173858137,0.18726785808419708,0.9783194523557194,-0.25408594399136136,-0.0055576687167636475,-0.21169252194716906,0.15741926372792622,0.1576725188759187,0,1,0
0.5811623246492986,-0.05546817622850473,0.18676177550383186,0.9739911043664581,-0.2164173994630622,-0.009584812753358294,-0.20135720182973232,0.1543232554625477,0.15461239230941776,0,1,0
0.6012024048096192,-0.051762219455872685,0.1852978386316022,0.9703239626277055,-0.18335708693762875,-0.013376778757423644,-0.1895983002032674,0.15153835587945774,0.1518561589795807,0,1,0
0.6212424849699398,-0.04810308082943793,0.18295693132173782,0.9672350464610933,-0.15444580833060892,-0.01691089537629591,-0.17670583094361336,0.1490461019437919,0.14938600493293447,0,1,0
0.6412825651302605,-0.04450671026983373,0.17981852798020978,0.9646500139326134,-0.1292516264239948,-0.020169764409573205,-0.16294345166386476,0.1468245401773691,0.14718059926423702,0,1,0
0.6613226452905812,-0.040987508064597944,0.1759601102617892,0.962502516299207,-0.10737488167032087,-0.023140755781672382,-0.14854956860495905,0.14485033247539908,0.14521719208463907,0,1,0
0.6813627254509018,-0.037558371147989246,0.17145684583043494,0.9607335133800636,-0.08845014595717184,-0.025815530897029735,-0.1337387557678675,0.14310018737526894,0.1434730429281217,0,1,0
0.7014028056112224,-0.03423074278923095,0.16638141793791478,0.959290591353728,-0.07214610131678613,-0.028189596640215787,-0.11870328715930256,0.14155178478060076,0.14192634557662753,0,1,0
0.721442885771543,-0.031014664129333187,0.16080393299488835,0.958127309667691,-0.0581640843018489,-0.030261889890944915,-0.10361466253645615,0.14018432529134925,0.14055677907474606,0,1,0
0.7414829659318637,-0.027918826889955013,0.1547918619689087,0.9572025927930318,-0.046235843732958706,-0.032034391144210056,-0.08862506266325745,0.1389788080433801,0.13934578792956626,0,1,0
0.7615230460921844,-0.024950627059212596,0.14840999153712084,0.956480174659355,-0.0361209066838383,-0.03351176527831554,-0.073868706705274,0.13791811944641544,0.13827667333364443,0,1,0
0.781563126252505,-0.022116219578226515,0.1417203740493041,0.9559280981285353,-0.02760382654098273,-0.03470102741102242,-0.05946310663534429,0.13698698969058695,0.1373345519877335,0,1,0
0.8016032064128256,-0.01942057410616132,0.13478227360325973,0.9555182680539441,-0.020491503729560802,-0.035611231919180725,-0.045510225407915175,0.1361718729690267,0.13650623833082876,0,1,0
0.8216432865731462,-0.016867531916908644,0.1276521094626337,0.9552260542978888,-0.014610687802767584,-0.036253182946223005,-0.032097551352114444,0.13546078005974527,0.13578007881422216,0,1,0
0.8416833667334669,-0.014459863913265252,0.12038340018216963,0.9550299397366847,-0.009805728060204248,-0.03663916497746254,-0.019299101561976457,0.13484309130155095,0.13514576627399888,0,1,0
0.8617234468937875,-0.012199329672418567,0.11302671204233418,0.9549112077536731,-0.005936599150580402,-0.0367826923038779,-0.0071763663207675705,0.13430936564678173,0.13459415014624526,0,1,0
0.8817635270541082,-0.010086737371926668,0.10562961502459489,0.9548536636421227,-0.00287720557752507,-0.036698276387206775,0.004220795833556109,0.13385116878795617,0.13411706557827105,0,1,0
0.9018036072144289,-0.008122004409676293,0.09823664811251878,0.9548433849309147,-0.0005139355603951045,-0.03640121085681529,0.014853276519574445,0.13346090502836924,0.13370716649012324,0,1,0
0.9218436873747494,-0.006304218489274801,0.09088929602007462,0.9548684957779846,0.0012555423534935993,-0.035907377348049566,0.02469167543828623,0.13313167920988625,0.13335779083400273,0,1,0
0.9418837675350701,-0.004631698943296934,0.08362597729889336,0.9549189615081135,0.00252328650644678,-0.0352330593837069,0.03371589821713327,0.1328571830475042,0.13306284381543476,0,1,0
0.9619238476953907,-0.0031020580827346815,0.0764820430281126,0.9549864000012784,0.003371924658247589,-0.034394770484973476,0.04191444493667128,0.13263160226287501,0.13281670513748417,0,1,0
0.9819639278557114,-0.001712262337842408,0.06948978724461367,0.9550639073002419,0.003875364948172545,-0.0334090980788179,0.049283620307778116,0.13244954423750444,0.13261415786989908,0,1,0
1.002004008016032,-0.0004586929630660439,0.0626784687388182,0.955145895423856,0.00409940618070019,-0.03229256223062889,0.05582679240945091,0.1323059848776929,0.13245033637058953,0,1,0
1.0220440881763526,0.0006627939048189225,0.05607434339424832,0.9552279409296148,0.004102275287940589,-0.03106148835485447,0.0615536937887211,0.13219623081715054,0.13232068942338945,0,1,0
1.0420841683366733,0.0016568080345150016,0.04970070648480395,0.9553066432099032,0.003935114014420547,-0.029731893150330625,0.06647976022619223,0.1321158950106352,0.13222095667151568,0,1,0
1.062124248496994,0.0025283669244219684,0.04357794449534835,0.9553794918888062,0.0036424339451491777,-0.028319383080469173,0.07062550349307285,0.1320608819977532,0.13214715464575516,0,1,0
1.0821643286573146,0.0032828388496894145,0.0377235962633723,0.9554447429582051,0.003262553469945551,-0.026839064776474866,0.07401591519971565,0.13202738056811647,0.13209557013377438,0,1,0
1.1022044088176353,0.003925887316991017,0.03215242336508011,0.9555013034966111,0.0028280269202969523,-0.025305466788030896,0.07667989942219827,0.1320118611648364,0.13206275824068534,0,1,0
1.122244488977956,0.004463417112350539,0.026876489767976117,0.9555486249404448,0.0023660721916866534,-0.02373247214206299,0.07864973229839514,0.132011076032999,0.13204554315912312,0,1,0
1.1422845691382766,0.004901522128069417,0.021905250785943894,0.9555866049453887,0.0018990002471951247,-0.022133261197481425,0.07996054722907886,0.13202206033873157,0.13204101988512199,0,1,0
1.1623246492985972,0.005246435154585265,0.017245651325792425,0.9556154978917291,0.0014446473170160417,-0.020520264302933484,0.08064984472739684,0.13204213293564854,0.13204655556624403,0,1,0
1.1823647294589177,0.005504479820665916,0.01290223330403252,0.9556358340658275,0.0010168087049223392,-0.01890512377635553,0.0807570263288974,0.13206889570817526,0.13205978942009286,0,1,0
1.2024048096192383,0.005682024859859148,0.008877251959661605,0.9556483474976385,0.0006256715905493931,-0.017298664730288193,0.08032295230336661,0.1321002307489289,0.13207863048774296,0,1,0
1.222444889779559,0.005785440871937485,0.00517080060391686,0.9556539123613318,0.0002782431846660156,-0.015710874266504502,0.07938952318918471,0.1321342950971162,0.1321012529549742,0,1,0
1.2424849699398797,0.005821059734809544,0.0017809431436029417,0.9556534877665706,-2.12297380628663e-05,-0.01415088855859633,0.07799928539540849,0.13216951255373352,0.13212608856126679,0,1,0
1.2625250501002003,0.005795136805321496,-0.0012961464744023908,0.9556480706755984,-0.000270854548603578,-0.01262698733314418,0.07619506127260765,0.13220456270439226,0.13215181623011238,0,1,0
1.282565130260521,0.0057138160815040735,-0.004066036190871161,0.9556386566055894,-0.000470703500447616,-0.01114659525006807,0.07401960415380543,0.1322383673796039,0.13217734907435014,0,1,0
1.3026052104208417,0.005583098677882821,-0.0065358701810626085,0.9556262076888653,-0.000622445836207586,-0.009716289733771618,0.0715152758148226,0.13227007512143654,0.1322018190927505,0,1,0
1.3226452905811623,0.005408813940467045,-0.008714236870788832,0.9556116275302807,-0.0007290079292302628,-0.008341815059909899,0.0687237336930859,0.13229904298054254,0.13222456041483366,0,1,0
1.342685370741483,0.005196593590357426,-0.010611017505480934,0.9555957423548307,-0.0007942587725005899,-0.007028101529268849,0.0656856765320524,0.13232481686638362,0.1322450903112727,0,1,0
1.3627254509018036,0.004951849006170194,-0.012237229209361605,0.9555792878311343,-0.000822726184817695,-0.0057792891922074366,0.0624406168530706,0.1323471112113363,0.13226308936740075,0,1,0
1.3827655310621243,0.004679751625783277,-0.013604869019345876,0.955562900936204,-0.000819344746515159,-0.0045987557090166435,0.059026674159539744,0.1323657880579658,0.13227838112917228,0,1,0
1.4028056112224447,0.004385216420914723,-0.014726760243427672,0.9555471162126883,-0.0007892361757841366,-0.0034891478932708862,0.05548039078728782,0.1323808360060102,0.13229091163866324,0,1,0
1.4228456913827654,0.004072888372256326,-0.01561640243291986,0.9555323657689209,-0.0007375221883693579,-0.002452416462527538,0.05183657153716735,0.13239234945597467,0.1323007292802907,0,1,0
1.442885771543086,0.003747131849012315,-0.016287826162200526,0.9555189823845243,-0.000669169219831479,-0.0014898535105489982,0.048128147598927036,0.13240050853668936,0.13230796531229336,0,1,0
1.4629258517034067,0.003412022775279299,-0.016755453686650823,0.9555072051084101,-0.0005888638057074684,-0.0006021322152307469,0.044386064765912565,0.132405560083775,0.13231281543995108,0,1,0
1.4829659318637274,0.0030713434471230476,-0.017033966407812552,0.9554971867710577,-0.0005009168676231204,0.00021065169527967713,0.040639195525521185,0.1324077999241402,0.13231552267709604,0,1,0
1.503006012024048,0.0027285798486887504,-0.01713817992171485,0.9554890028755003,-0.0004091947778696647,0.0009489371807180644,0.03691427427191936,0.1324075567181362,0.13231636174069158,0,1,0
1.5230460921843687,0.002386921303301557,-0.017082927269359675,0.9554826613813024,-0.0003170747098914001,0.0016136542730906401,0.0332358546186288,0.13240517754826425,0.13231562516193346,0,1,0
1.5430861723446894,0.002049262286245229,-0.016882950852816398,0.9554781129510106,-0.00022742151459243814,0.0022061800246119495,0.02962628757606545,0.13240101536798926,0.13231361122326582,0,1,0
1.56312625250501,0.001718206219620855,-0.016552803331218693,0.9554752612868087,-0.0001425832100959658,0.002728294408568166,0.026105719197810857,0.13239541761180018,0.1323106130194226,0,1,0
1.5831663326653307,0.0013960710661302523,-0.016106757674530132,0.9554739732222779,-6.440322654084538e-05,0.0031821365322347484,0.022692106183329133,0.13238871814406517,0.1323069108184813,0,1,0
1.6032064128256511,0.0010848965376846677,-0.015558726422279226,0.9554740883354662,5.75565941786996e-06,0.00357016148957669,0.019401247867097078,0.13238122978617095,0.13230276496025142,0,1,0
1.6232464929859718,0.0007864527359321917,-0.014922190087623806,0.9554754278685152,6.697665245435831e-05,0.0038950981484150563,0.016246832941918286,0.132373238880118,0.13229841075111842,0,1,0
1.6432865731462925,0.0005022500449413732,-0.014210134549540928,0.9554778028009628,0.00011874662237710258,0.004159908134539563,0.0132404993062254,0.13236500302782328,0.13229405649425913,0,1,0
1.6633266533066131,0.00023355010122088563,-0.013434997186024377,0.9554810210190404,0.00016091090387966177,0.0043677462428455445,0.01039190541529902,0.13235674363733685,0.13228987628656325,0,1,0
1.6833667334669338,-1.8622328402826565e-05,-0.01260862148118561,0.955484893370086,0.0001936175522805813,0.004521922473337966,0.007708811524621136,0.1323486506494535,0.1322860149603109,0,1,0
1.7034068136272544,-0.0002534667222040803,-0.011742219690062686,0.9554892387526099,0.00021726912619516572,0.004625865861317819,0.0051971693989926165,0.13234088042646228,0.13228258614671246,0,1,0
1.723446893787575,-0.00047039358630089075,-0.010846343204840524,0.9554938881897969,0.00023247185934419164,0.004683090238872101,0.002861218877714042,0.13233355668938698,0.13227967335603974,0,1,0
1.7434869739478958,-0.0006690107900130982,-0.00993086018561037,0.9554986879244075,0.00023998673053064905,0.0046971620393329505,0.0007035900230424924,0.13232677220478709,0.13227733177391193,0,1,0
1.7635270541082164,-0.0008491095901892021,-0.009004940008805196,0.9555035015947683,0.0002406835180381652,0.004671670229736834,-0.0012745904798058647,0.1323205911072535,0.1322755906628171,0,1,0
1.783567134268537,-0.001010650471656349,-0.008077044073357345,0.955508211569708,0.0002354987469866864,0.00461019848404382,-0.0030735872846507214,0.13231505233984492,0.13227445682441855,0,1,0
1.8036072144288577,-0.0011537489215379417,-0.007154922494079629,0.9555127195521805,0.00022539912362576762,0.004516299654617506,-0.004694941471315665,0.13231017178587123,0.1322739167126129,0,1,0
1.8236472945891782,-0.0012786612458680145,-0.006245616216503643,0.9555169465213784,0.00021134845989649777,0.004393472238453878,-0.006141370808181451,0.13230594583338398,0.13227394012832708,0,1,0
1.8436873747494988,-0.0013857705271865702,-0.005355464065927781,0.9555208321271769,0.00019428028992093501,0.004245139123831545,-0.007416655731116633,0.13230235466091664,0.13227448347196552,0,1,0
1.8637274549098195,-0.001475572813681452,-0.004490114324744093,0.9555243336393402,0.00017507560816519378,0.0040746286048911765,-0.008525525947018301,0.13229936541305168,0.13227549286069074,0,1,0
1.8837675350701402,-0.0015486636213240918,-0.003654540382131995,0.955527424549533,0.000154545509640024,0.0038851576157052587,-0.009473549459295988,0.13229693527120645,0.1322769071286572,0,1,0
1.9038076152304608,-0.0016057248215024219,-0.0028530600089164996,0.9555300929201203,0.00013341852936260513,0.0036798171255256647,-0.010267024508979655,0.1322950142894537,0.13227866058052926,0,1,0
1.9238476953907815,-0.0016475119780159184,-0.0020893578256748232,0.955532339565847,0.00011233228634062139,0.0034615596274594476,-0.010912874903310821,0.13229354799263965,0.13228068549645147,0,1,0
1.9438877755511021,-0.0016748421889590478,-0.0013665105471564725,0.9555341761465576,9.182903552561888e-05,0.003233188644135735,-0.011418549166185682,0.1322924796751415,0.1322829143278421,0,1,0
1.9639278557114228,-0.0016885824809992624,-0.0006870146020107374,0.9555356232394152,7.235464288415951e-05,0.002997350166086795,-0.011791923902446927,0.13229175238559926,0.13228528157053657,0,1,0
1.9839679358717435,-0.0016896387958596536,-5.281574301955669e-05,0.9555367084490309,5.4260480786410615e-05,0.002756525931701322,-0.012041211719273694,0.13229131059385194,0.13228772531272265,0,1,0
2.004008016032064,-0.0016789456014595255,0.0005346597200064055,0.955537464603808,3.7807738853169794e-05,0.0025130284517312002,-0.012174873998506083,0.13229110155302584,0.13229018847188667,0,1,0
2.024048096192385,-0.001657456162298067,0.001074471958072921,0.9555379280766504,2.3173642120361653e-05,0.00226899767649183,-0.012201538761968497,0.1322910763415219,0.13229261971955675,0,1,0
2.0440881763527052,-0.001626133478997505,0.0015661341650281065,0.9555381372612378,1.0459229374046986e-05,0.0020263992103000915,-0.012129923309586928,0.1322911906157408,0.13229497409544813,0,1,0
2.064128256513026,-0.0015859418948982386,0.0020095792049633163,0.9555381312207389,-3.0202494339417037e-07,0.001787023960714379,-0.011968762479285647,0.1322914051182845,0.1322972133555608,0,1,0
2.0841683366733466,-0.0015378393908935515,0.002405125200234357,0.9555379485218931,-9.134942293736614e-06,0.0015524890930323652,-0.01172674338410064,0.1322916859783662,0.13229930614098306,0,1,0
2.1042084168336674,-0.001482770569726708,0.0027534410583421763,0.9555376262605177,-1.6113068765995688e-05,0.0013242401834302447,-0.011412445480106056,0.13229200473602756,0.1323012278686454,0,1,0
2.124248496993988,-0.001421660325769811,0.003055512197844857,0.9555371992760388,-2.134922395009875e-05,0.0011035544627562945,-0.011034286033697502,0.13229233823662173,0.13230296049170107,0,1,0
2.1442885771543083,-0.0013554081916185073,0.0033126067075651836,0.9555366995487037,-2.4986366752096304e-05,0.000891545042598909,-0.010600471007869284,0.13229266838045656,0.13230449211571169,0,1,0
2.164328657314629,-0.0012848833485590916,0.0035262421529707825,0.9555361557688257,-2.7188993900404796e-05,0.000689166015885023,-0.010118951335694293,0.13229298174929982,0.13230581649345038,0,1,0
2.1843687374749496,-0.0012109202840978038,0.0036981532230643977,0.9555355930637907,-2.8135251751178204e-05,0.0004972183257898566,-0.009597384504758331,0.13229326916381304,0.13230693245338607,0,1,0
2.2044088176352705,-0.001134315076287581,0.003830260390511143,0.9555350328666037,-2.80098593495471e-05,0.00031635629905698437,-0.009043101336643612,0.1322935251773067,0.1323078432680809,0,1,0
2.224448897795591,-0.0010558222815457985,0.003924639737089118,0.9555344929079904,-2.6997930661191296e-05,0.00014709474281714824,-0.008463077811991805,0.13229374753028797,0.13230855598771324,0,1,0
2.244488977955912,-0.0009761524000213308,0.003983494076223384,0.9555339873130709,-2.527974597236697e-05,-1.0183492431262043e-05,-0.007863911762420515,0.13229393662080646,0.1323090807943438,0,1,0
2.2645290581162323,-0.000895969890332107,0.00400912548446119,0.9555335267842766,-2.3026439716335262e-05,-0.00015521957695658497,-0.007251804226266145,0.13229409494821326,0.13230943033510625,0,1,0
2.284569138276553,-0.0008158917036450084,0.004003909334354932,0.9555331188515986,-2.0396633896744492e-05,-0.0002878704818129533,-0.006632545242818421,0.13229422660794848,0.13230961911234843,0,1,0
2.3046092184368736,-0.0007364863055924391,0.003970269902628463,0.9555327681729844,-1.7533930714539305e-05,-0.00040810055868570366,-0.00601150384363752,0.13229433682018776,0.13230966291390575,0,1,0
2.3246492985971945,-0.0006582731533990138,0.0039106576096712645,0.9555324768689202,-1.4565203208391256e-05,-0.0005159729984024685,-0.005393621985838245,0.13229443148241035,0.1323095782738753,0,1,0
2.344689378757515,-0.0005817225948078879,0.003827527929556294,0.9555322448761722,-1.159963739852467e-05,-0.0006116412416093932,-0.004783412160346223,0.13229451671892284,0.13230938193707573,0,1,0
2.3647294589178354,-0.0005072561549283479,0.003723321993976998,0.9555320703057806,-8.728519579090336e-06,-0.0006953404096590545,-0.004184958402483065,0.13229459865581378,0.1323090905558133,0,1,0
2.3847695390781563,-0.0004352471769568677,0.0036004488985740095,0.9555319497972964,-6.025424211682453e-06,-0.0007673788181947439,-0.003601920426784468,0.13229468312290882,0.13230872032059934,0,1,0
2.4048096192384767,-0.00036602178282471863,0.003461269706607454,0.9555318788592826,-3.546900691276226e-06,-0.0008281296303002096,-0.0030375406052732747,0.13229477544773607,0.13230828668978925,0,1,0
2.4248496993987976,-0.0002998601201771693,0.003308083132377466,0.955531852189017,-1.3335132801881632e-06,-0.0008780227005080189,-0.0024946535103904655,0.13229488040363005,0.13230780428023542,0,1,0
2.444889779559118,-0.00023699786267019268,0.0031431128753488325,0.9555318639690735,5.890028254759853e-07,-0.0009175366554163978,-0.00197569774541895,0.13229500141126288,0.13230728601814457,0,1,0
2.464929859719439,-0.00017762793133268274,0.002968496566875497,0.9555319081164957,2.207371108972201e-06,-0.000947191251209811,-0.001482729789670655,0.13229514138242057,0.13230674393872693,0,1,0
2.4849699398797593,-0.00012190240574275447,0.0027862762794964133,0.955531978509095,3.519629966930141e-06,-0.0009675400431102807,-0.0010174395950234845,0.13229530232164907,0.1323061887502354,0,1,0
2.50501002004008,-6.993459485871854e-05,0.0025983905442017964,0.9555320691767117,4.533380836824752e-06,-0.000979163396547399,-0.0005811676718559198,0.1322954853264687,0.13230562980267835,0,1,0
2.5250501002004007,-2.1801238610171826e-05,0.002406667812427336,0.9555321744572081,5.264024813537808e-06,-0.0009826618649306982,-0.00017492341916494993,0.13229569060761337,0.13230507508251077,0,1,0
2.5450901803607215,2.2455187272896186e-05,0.0022128212941534007,0.9555322891176579,5.733022490336172e-06,-0.0009786499541318801,0.0002005955399409006,0.13229591759537546,0.13230453129906916,0,1,0
2.565130260521042,6.282408924496323e-05,0.0020184450986033523,0.9555324084438377,5.9663089886079324e-06,-0.0009677502905505337,0.0005449831790673299,0.13229616506728914,0.13230400399841405,0,1,0
2.5851703406813624,9.932432125093688e-05,0.0018250116002986824,0.9555325283018387,5.9929000471928615e-06,-0.0009505882065524085,0.0008581041999062527,0.1322964311224645,0.1323034975303173,0,1,0
2.6052104208416833,0.00013200172025708504,0.0016338699503074083,0.9555326451711634,5.843466236971838e-06,-0.000927786737721257,0.0011400734415575801,0.13229671334947532,0.13230301520664042,0,1,0
2.6252505010020037,0.00016092663324603765,0.0014462456494476305,0.9555327561543598,5.549159821726484e-06,-0.0008999620451302469,0.0013912346295505023,0.13229700893471252,0.13230255940927382,0,1,0
2.6452905811623246,0.00018619145528185613,0.0012632411017909238,0.9555328589665953,5.140611775341658e-06,-0.0008677192636140427,0.0016121390758101987,0.13229731477900836,0.13230213171087468,0,1,0
2.665330661322645,0.0002079081965669694,0.0010858370642556638,0.9555329519088646,4.647113463297788e-06,-0.0008316487724152611,0.0018035245599390853,0.13229762759017852,0.1323017329750114,0,1,0
2.685370741482966,0.00022620609472807424,0.0009148949080552422,0.9555330338278387,4.095948705218512e-06,-0.0007923228817878081,0.0019662945313726507,0.1322979439948059,0.1323013634787039,0,1,0
2.7054108216432864,0.0002412292868986765,0.000751159608530113,0.9555331040659558,3.511905855610866e-06,-0.0007502929266168887,0.0021014977585459634,0.1322982606239823,0.13230102301179789,0,1,0
2.7254509018036073,0.0002531345545249867,0.0005952633813155099,0.9555331624046003,2.916932223657296e-06,-0.0007060867558195094,0.002210308539868961,0.13229857419742214,0.13230071097724283,0,1,0
2.7454909819639277,0.00026208915221713984,0.0004477298846076571,0.9555332090031827,2.3299291236203252e-06,-0.0006602066042705145,0.0022940075774497476,0.13229888159154157,0.13230042647757462,0,1,0
2.7655310621242486,0.000268268730409014,0.00030897890959370803,0.9555332443364697,1.766664346476209e-06,-0.0006131273322163345,0.0023539636027089996,0.13229917990260298,0.1323001683983831,0,1,0
2.785571142284569,0.0002718553600843619,0.00017933148376739525,0.9555332691323726,1.2397951442694528e-06,-0.0005652950156140571,0.0023916158301138754,0.13229946649551058,0.13229993547905608,0,1,0
2.8056112224448895,0.0002730356663818483,5.901531487431995e-05,0.9555332843119876,7.589807499570027e-07,-0.0005171258695454459,0.002408457303430563,0.13229973903200268,0.13229972636424595,0,1,0
2.8256513026052104,0.00027199907651257013,-5.182949346390714e-05,0.9555332909330693,3.3105408623956303e-07,-0.0004690054858088601,0.002406019186829281,0.1322999955079281,0.1322995396654814,0,1,0
2.845691382765531,0.0002689361862009754,-0.00015314451557973732,0.9555332901383934,-3.973379530720583e-08,-0.000421288364958175,0.002385856042534265,0.1323002342582646,0.13229937399118558,0,1,0
2.8657314629258517,0.00026403724786183024,-0.0002449469169572571,0.9555332831095085,-3.5144424584662433e-07,-0.00037429772254269256,0.0023495321207741195,0.13230045396478754,0.13229922797948127,0,1,0
2.885771543086172,0.00025749078127655265,-0.00032732332926387926,0.9555332710264433,-6.041532592205445e-07,-0.0003283255492090671,0.002298608666681275,0.13230065365697008,0.13229910032612147,0,1,0
2.905811623246493,0.00024948230790477165,-0.00040042366858905,0.9555332550337594,-7.996341935263005e-07,-0.0002836329028284707,0.0022346323190298154,0.13230083269576234,0.13229898979430432,0,1,0
2.9258517034068134,0.00024019320861062236,-0.00046445496470746457,0.9555332362128147,-9.410472336493025e-07,-0.0002404504116264609,0.002159124560100493,0.13230099075794052,0.13229889522478258,0,1,0
2.9458917835671343,0.00022979970356216086,-0.0005196752524230751,0.9555332155601117,-1.0326351520274586e-06,-0.0001989789675305355,0.0020735722047962738,0.13230112781646805,0.1322988155417264,0,1,0
2.9659318637274548,0.00021847195223583654,-0.000566387566316216,0.9555331939714815,-1.079431513558517e-06,-0.00015939058917607322,0.0019794189177231108,0.13230124411322733,0.13229874975055197,0,1,0
2.9859719438877756,0.00020637327071361384,-0.0006049340761111352,0.9555331722316234,-1.0869929055063628e-06,-0.00012182943435188684,0.0018780577412093199,0.13230134013016304,0.13229869693354473,0,1,0
3.006012024048096,0.00019365946279708096,-0.0006356903958266434,0.9555331510084651,-1.0611579124523193e-06,-8.641294217765275e-05,0.0017708246087117037,0.1323014165595761,0.1322986562439257,0,1,0
3.0260521042084165,0.00018047826087941966,-0.0006590600958830641,0.9555331308517755,-1.007834483305203e-06,-5.323308588861778e-05,0.001658992814451748,0.13230147427139644,0.13229862689602498,0,1,0
3.0460921843687374,0.0001669688720103996,-0.0006754694434510023,0.9555331121953627,-9.328206392548815e-07,-2.2357717816050424e-05,0.0015437684036283682,0.13230151429143347,0.1322986081654806,0,1,0
3.066132264529058,0.00015326162415922446,-0.0006853623925587567,0.9555330953625075,-8.416427622182511e-07,6.168011069884296e-06,0.001426286444296736,0.1323015377507751,0.13229859935952087,0,1,0
3.0861723446893787,0.00013947770732239038,-0.0006891958418417044,0.9555330805734117,-7.394547914066925e-07,3.23201738220812e-05,0.0013076081376098454,0.13230154588284926,0.1322985998337976,0,1,0
3.106212424849699,0.0001257290038353471,-0.0006874351743521638,0.9555330679548458,-6.309282913658975e-07,5.609454824663503e-05,0.0011887187212276916,0.13230153997438088,0.13229860896191797,0,1,0
3.12625250501002,0.00011211800202459832,-0.0006805500905374389,0.9555330575507981,-5.202023877365057e-07,7.750507059359783e-05,0.0010705261173481395,0.1323015213574841,0.13229862614488508,0,1,0
3.1462925851703405,9.8737787177022e-05,-0.0006690107423788158,0.9555330493341322,-4.1083329524822483e-07,9.658227610801138e-05,0.0009538602757206779,0.13230149136648417,0.1322986507839974,0,1,0
3.1663326653306614,8.567210370193487e-05,-0.0006532841737543565,0.9555330432182033,-3.057964454951003e-07,0.00011337173931179123,0.0008394731601889919,0.13230145132951987,0.1322986822872631,0,1,0
3.186372745490982,7.299548231481833e-05,-0.0006338310693558268,0.955533039068395,-2.0749041151211863e-07,0.000127932525864741,0.0007280393276474889,0.1323014025586583,0.13229872007300436,0,1,0
3.2064128256513023,6.077342607557425e-05,-0.000611102811962204,0.955533036713482,-1.1774565468990136e-07,0.0001403356667851551,0.0006201570460207049,0.13230134632140916,0.13229876355360679,0,1,0
3.226452905811623,4.9062649164516906e-05,-0.0005855388455528672,0.9555330359561532,-3.7866440217598606e-08,0.00015066266479780974,0.0005163499006327325,0.1323012838672493,0.13229881217296394,0,1,0
3.2464929859719436,3.791136237213497e-05,-0.0005575643396190968,0.9555330365836482,3.137474689917486e-08,0.00015900404151815637,0.000417068836017332,0.13230121633917807,0.13229886532772953,0,1,0
3.2665330661322645,2.7359599409092138e-05,-0.0005275881481521413,0.9555330383760304,8.961911267912295e-08,0.00016545793319533441,0.0003226945838589022,0.13230114479239866,0.1322989223944398,0,1,0
3.286573146292585,1.7439578308210232e-05,-0.0004960010550440954,0.9555330411127853,1.3683774343896865e-07,0.00017012874172615656,0.00023354042654110898,0.13230107024441415,0.132298982786865,0,1,0
3.306613226452906,8.176092385462596e-06,-0.0004631742961373818,0.9555330445793406,1.7332776730247965e-07,0.00017312584669824604,0.00014985524860447133,0.1323009936352803,0.13229904592236777,0,1,0
3.3266533066132262,-4.130745521739394e-07,-0.0004294583468818268,0.9555330485724308,1.99654510730378e-07,0.00017456238329705505,7.182682994045188e-05,0.1323009158247767,0.13229911122407012,0,1,0
3.346693386773547,-8.316713820419569e-06,-0.0003951819634122814,0.9555330529043027,2.1659359029726082e-07,0.00017455409001874544,-4.1466391548111736e-07,0.1323008375831671,0.13229917811555728,0,1,0
3.3667334669338675,-1.5529743099043243e-05,-0.00036065146393118375,0.9555330574055562,2.2506267298486203e-07,0.00017321822928719532,-6.679303657750721e-05,0.1323007596172357,0.13229924604985052,0,1,0
3.3867735470941884,-2.2052747829207256e-05,-0.0003261502365082006,0.9555330619274447,2.2609442467305854e-07,0.0001706725834074509,-0.00012728229398722017,0.13230068254991312,0.13229931449096477,0,1,0
3.406813627254509,-2.7891517005903252e-05,-0.0002919384588347998,0.9555330663430667,2.2078110151302291e-07,0.00016703452714488188,-0.00018190281312845043,0.13230060693035264,0.13229938292515636,0,1,0
3.4268537074148293,-3.3056577305653955e-05,-0.00025825301498753515,0.9555330705477734,2.1023533253527015e-07,0.0001624201776996688,-0.0002307174722606548,0.13230053323044078,0.13229945085783315,0,1,0
3.44689378757515,-3.7562729186154726e-05,-0.00022530759402503847,0.9555330744587011,1.955463849981729e-07,0.00015694362249951108,-0.0002738277600078856,0.13230046186049627,0.13229951782878369,0,1,0
3.4669338677354706,-4.1428588288103985e-05,-0.00019329295509746294,0.9555330780138943,1.7775966421531448e-07,0.00015071622437308338,-0.00031136990632138364,0.13230039316122116,0.13229958340296666,0,1,0
3.4869739478957915,-4.467613516186382e-05,-0.00016237734368799176,0.9555330811707683,1.5784370099083965e-07,0.00014384600311276492,-0.00034351106301592187,0.13230032742394962,0.1322996471889881,0,1,0
3.507014028056112,-4.733027603569942e-05,-0.00013270704369177993,0.9555330839044897,1.3668606710360636e-07,0.00013643709194811242,-0.0003704455582326286,0.1323002648796752,0.13229970882578782,0,1,0
3.527054108216433,-4.941841704088229e-05,-0.00010440705025914352,0.9555330862059194,1.1507148522220071e-07,0.0001285892669980093,-0.000392391247505154,0.13230020571133738,0.13229976799210666,0,1,0
3.5470941883767533,-5.0970054013260635e-05,-7.75818486189173e-05,0.9555330880794436,9.367621038038498e-08,0.00012039754738672712,-0.00040958598056410844,0.13230015005847146,0.13229982440786242,0,1,0
3.567134268537074,-5.201637970318492e-05,-5.23162844962142e-05,0.9555330895407833,7.306698743050818e-08,0.00011195186334795606,-0.00042228420193855446,0.1323000980213017,0.13229987783461067,0,1,0
3.5871743486973946,-5.258990994723331e-05,-2.8676512202419158e-05,0.9555330906148525,5.3703455673018595e-08,0.00010333678935661821,-0.0004307536995668933,0.13230004966030917,0.1322999280711513,0,1,0
3.6072144288577155,-5.272413008746532e-05,-6.711007011600756e-06,0.9555330913335929,3.593702173743305e-08,9.463133906675332e-05,-0.0004352725144932444,0.13230000500556804,0.13229997495864762,0,1,0
3.627254509018036,-5.245316266798303e-05,1.3548370974114722e-05,0.955533091734002,2.0020458042494098e-08,8.590881863202482e-05,-0.00043612602173642446,0.13229996405750347,0.13230001837695582,0,1,0
3.6472945891783564,-5.181145720140633e-05,3.208527332883495e-05,0.9555330918563086,6.1153310777853534e-09,7.72367348186378e-05,-0.00043360419066935127,0.1322999267900716,0.13230005824322277,0,1,0
3.6673346693386772,-5.083350256608802e-05,4.889773176591516e-05,0.955533091742323,-5.699281749544457e-09,6.867675420126629e-05,-0.0004279990308685762,0.1322998931532904,0.13230009450972618,0,1,0
3.6873747494989977,-4.9553562346644834e-05,6.39970109721595e-05,0.955533091433966,-1.541784865604524e-08,6.0284709647771794e-05,-0.00041960222767472465,0.1322998630802293,0.1323001271660653,0,1,0
3.7074148296593186,-4.8005433278550596e-05,7.74064534047119e-05,0.955533090972112,-2.309269723988786e-08,5.2110650215630864e-05,-0.00040870297160704644,0.1322998364828426,0.13230015623020255,0,1,0
3.727454909819639,-4.62222267543832e-05,8.916032620836984e-05,0.9555330903955496,-2.882812206269858e-08,4.419893059145233e-05,-0.00039558598120892623,0.13229981325966603,0.13230018175137986,0,1,0
3.74749498997996,-4.423617317769498e-05,9.930267883441128e-05,0.9555330897402156,-3.2766700063413534e-08,3.658833621768448e-05,-0.00038052971868839325,0.1322997932950601,0.1323002038046451,0,1,0
3.7675350701402803,-4.207844879564598e-05,0.00010788621910245011,0.9555330890386096,-3.5080298135470297e-08,2.93122403041219e-05,-0.0003638047956781281,0.13229977646081992,0.13230022248779674,0,1,0
3.787575150300601,-3.9779024501923595e-05,0.00011497121468611903,0.955533088319365,-3.596222656586326e-08,2.2398788966256257e-05,-0.0003456725668932823,0.1322997626235953,0.13230023792426435,0,1,0
3.8076152304609217,-3.736653597687555e-05,0.00012062442625240226,0.9555330876071283,-3.561183384878162e-08,1.5871110836380626e-05,-0.0003263839064937816,0.1322997516352435,0.1323002502490529,0,1,0
3.8276553106212425,-3.486817442204279e-05,0.00012491807774163806,0.9555330869223936,-3.423673304451731e-08,9.747547600824477e-06,-0.00030617816177780735,0.13229974334378802,0.13230025961544245,0,1,0
3.847695390781563,-3.230959705090984e-05,0.0001279288685566472,0.9555330862815535,-3.2042003093280166e-08,4.041902039123468e-06,-0.0002852822780850505,0.13229973759399688,0.13230026619148363,0,1,0
3.8677354709418834,-2.97148564163395e-05,0.00012973703172851703,0.9555330856971211,-2.9221618003850485e-08,-1.2362997146803476e-06,-0.0002639100876901908,0.13229973422308725,0.13230027015181708,0,1,0
3.8877755511022043,-2.7106347587282288e-05,0.00013042544145286063,0.9555330851779378,-2.5959168877696048e-08,-6.081534808947907e-06,-0.0002422617547133779,0.1322997330683658,0.13230027168163552,0,1,0
3.9078156312625247,-2.4504772132382955e-05,0.00013007877274496673,0.9555330847295372,-2.2420029039090148e-08,-1.049200216036398e-05,-0.00022052336757080366,0.13229973396342667,0.13230027096940541,0,1,0
3.9278557114228456,-2.1929117825424174e-05,0.0001287827153479391,0.9555330843545019,-1.875176556787153e-08,-1.4469335576892239e-05,-0.00019886667082641294,0.13229973673958437,0.13230026820507204,0,1,0
3.947895791583166,-1.939665295646116e-05,0.00012662324344815074,0.955533084052805,-1.5084841885225568e-08,-1.801831410387791e-05,-0.00017744892634928344,0.1322997412314274,0.13230026358260072,0,1,0
3.967935871743487,-1.6922934112374536e-05,0.0001236859422043312,0.9555330838222581,-1.1527343221073807e-08,-2.1146572005641648e-05,-0.00015641289508818698,0.13229974727389165,0.13230025729428346,0,1,0
3.9879759519038074,-1.452182628059314e-05,0.00012005539158906983,0.9555330836589361,-8.16610343374774e-09,-2.3864310596232907e-05,-0.00013588692952956296,0.132299754700782,0.13230024952672714,0,1,0
4.008016032064128,-1.2205534129227324e-05,0.00011581460756829083,0.955533083557498,-5.071904850367898e-09,-2.6184013944427944e-05,-0.000115985167409752,0.1322997633533997,0.13230024046718541,0,1,0
4.028056112224449,-9.984643325028653e-06,0.00011104454020993351,0.9555330835116261,-2.293595294959675e-09,-2.812017028617255e-05,-9.680781708723034e-05,0.13229977307736324,0.13230023029832558,0,1,0
4.04809619238477,-7.86817076668776e-06,0.00010582362791704463,0.9555330835144573,1.4156098852709712e-10,-2.9689000783058256e-05,-7.84415248442849e-05,0.13229978371841145,0.13230021919220622,0,1,0
4.06813627254509,-5.863622634253752e-06,0.0001002274066217004,0.9555330835588567,2.2199677986471493e-09,-3.090819708131093e-05,-6.095981491263349e-05,0.13229979512379503,0.1323002073100698,0,1,0
4.0881763527054105,-3.977059185141367e-06,9.432817245561922e-05,0.9555330836375502,3.9346736164004855e-09,-3.179666894318488e-05,-4.442359309369772e-05,0.1322998071495921,0.13230019480828425,0,1,0
4.108216432865731,-2.2131652625553587e-06,8.819469612930042e-05,0.9555330837433138,5.2881832685927575e-09,-3.2374303042231824e-05,-2.8881704952347212e-05,0.13229981965979007,0.13230018183626857,0,1,0
4.128256513026052,-5.753255224697643e-07,8.189198700427972e-05,0.955533083869175,6.2930631857818794e-09,-3.266173383788306e-05,-1.4371539782561807e-05,0.13229983252781188,0.13230016853705448,0,1,0
4.148296593186372,9.342965701381792e-07,7.548110463039718e-05,0.9555330840086571,6.974104844070751e-09,-3.268012729149569e-05,-9.196726806317297e-07,0.1322998456287016,0.13230015503871978,0,1,0
4.168336673346693,2.31467687699599e-06,6.901901534289054e-05,0.9555330841558244,7.358366086816576e-09,-3.245097801571953e-05,1.1457463788808604e-05,0.13229985884782838,0.13230014146251884,0,1,0
4.188376753507014,3.5658467043048923e-06,6.255849136544511e-05,0.9555330843053784,7.47770272031503e-09,-3.199592030909863e-05,2.2752885331044202e-05,0.13229987207920224,0.1323001279208026,0,1,0
4.208416833667335,4.688807699357987e-06,5.614804975265473e-05,0.9555330844527489,7.368523241374923e-09,-3.133655337660969e-05,3.2968346624446905e-05,0.1322998852240592,0.13230011451536705,0,1,0
4.228456913827655,5.685446267726713e-06,4.983192841843631e-05,0.9555330845941346,7.06928406541412e-09,-3.0494280908735634e-05,4.211362339370331e-05,0.13229989819016275,0.13230010133667447,0,1,0
4.248496993987976,6.558448196530486e-06,4.365009644018868e-05,0.9555330847264726,6.616903345143214e-09,-2.949016507781995e-05,5.020579154578408e-05,0.13229991089526238,0.1323000884673721,0,1,0
4.268537074148297,7.311214112465756e-06,3.763829579676351e-05,0.9555330848474397,6.0483566273326234e-09,-2.834479489213252e-05,5.726850928437153e-05,0.13229992326468495,0.13230007598007734,0,1,0
4.288577154308617,7.947776346257136e-06,3.1828111689569005e-05,0.9555330849554168,5.3988547912585365e-09,-2.7078168741113324e-05,6.333130755095991e-05,0.1322999352301845,0.13230006393653146,0,1,0
4.3086172344689375,8.47271771845204e-06,2.6247068609745226e-05,0.9555330850493878,4.69855230265575e-09,-2.5709590877570475e-05,6.842889317714192e-05,0.1322999467331103,0.13230005239118448,0,1,0
4.328657314629258,8.891092705435142e-06,2.091874934915506e-05,0.9555330851288731,3.974266542867525e-09,-2.4257581491870417e-05,7.260046928500298e-05,0.13229995772446024,0.13230004139176044,0,1,0
4.348697394789579,9.208351389542276e-06,1.5862934205356663e-05,0.9555330851939063,3.25165935104682e-09,-2.2739799957821397e-05,7.588907670245127e-05,0.13229996815996622,0.13230003097492318,0,1,0
4.368737474949899,9.430266543553763e-06,1.1095757700574373e-05,0.9555330852449178,2.5505691111005917e-09,-2.1172980775599116e-05,7.834095911111381e-05,0.13229997800452967,0.13230002117138573,0,1,0
4.38877755511022,9.562864147926802e-06,6.629880218651902e-06,0.9555330852826661,1.8874198810870687e-09,-1.957288166204255e-05,8.000495567782834e-05,0.13229998723027206,0.13230001200467384,0,1,0
4.408817635270541,9.612357589121258e-06,2.474672059722789e-06,0.9555330853081715,1.2752702635492866e-09,-1.7954243208668202e-05,8.093192266871778e-05,0.1322999958159919,0.1323000034913637,0,1,0
4.428857715430862,9.585085739556196e-06,-1.3635924782530765e-06,0.9555330853226442,7.236364779193506e-10,-1.6330759473355273e-05,8.117418676564614e-05,0.1323000037464934,0.13229999564121947,0,1,0
4.448897795591182,9.487455074288712e-06,-4.881533263374179e-06,0.9555330853274027,2.3792081277020505e-10,-1.4715058849567415e-05,8.078503118939293e-05,0.13230001101458683,0.13229998846004148,0,1,0
4.468937875751503,9.325885936927365e-06,-8.07845686806729e-06,0.9555330853238513,-1.7756975518132748e-10,-1.3118694526934789e-05,7.981821613163101e-05,0.13230001761678925,0.13229998194623033,0,1,0
4.488977955911824,9.106763025324243e-06,-1.095614558015614e-05,0.9555330853134045,-5.22337122445416e-10,-1.1552143844803226e-05,7.832753410657819e-05,0.1323000235570514,0.1322999760954012,0,1,0
4.509018036072144,8.836390131490515e-06,-1.3518644691686383e-05,0.9555330852974799,-7.962275703732946e-10,-1.0024815821497855e-05,7.636640116526871e-05,0.13230002884072567,0.13229997089523232,0,1,0
4.529058116232465,8.520949135065647e-06,-1.577204982124339e-05,0.9555330852773948,-1.0042555428346373e-09,-8.545066148547977e-06,7.398748364749385e-05,0.1323000334821804,0.13229996633396968,0,1,0
4.5490981963927855,8.16646321742009e-06,-1.772429588227782e-05,0.9555330852544051,-1.1494859607513572e-09,-7.1202189314435964e-06,7.124236085521906e-05,0.13230003749581615,0.13229996239232106,0,1,0
4.569138276553106,7.778764234240984e-06,-1.9384949158955374e-05,0.9555330852296334,-1.2385834705240117e-09,-5.756594469348456e-06,6.81812231047571e-05,0.1323000409016208,0.13229995904987582,0,1,0
4.589178356713426,7.363464158048e-06,-2.076500380964918e-05,0.9555330852040637,-1.2784893996676823e-09,-4.459542377179031e-06,6.48526046084713e-05,0.13230004372417342,0.13229995628495228,0,1,0
4.609218436873747,6.925930478487012e-06,-2.1876683978049446e-05,0.9555330851785846,-1.273954422776354e-09,-3.2334793707998887e-06,6.130315031895705e-05,0.13230004598660047,0.13229995406937803,0,1,0
4.629258517034068,6.471265427397094e-06,-2.273325255449587e-05,0.9555330851539162,-1.2334186818548834e-09,-2.081931052906483e-06,5.757741589467023e-05,0.13230004771835066,0.13229995237705663,0,1,0
4.649298597194389,6.0042888774706475e-06,-2.3348827496322357e-05,0.9555330851306605,-1.1627844940257343e-09,-1.0075770619234093e-06,5.371769954915369e-05,0.13230004894801325,0.13229995117755233,0,1,0
4.669338677354709,5.529524747767215e-06,-2.373820648517164e-05,0.9555330851092751,-1.0692675575650291e-09,-1.229896905779056e-08,4.976390464328093e-05,0.1323000497053973,0.13229995043888557,0,1,0
4.68937875751503,5.051190736290201e-06,-2.391670057385067e-05,0.9555330850900424,-9.616354446298266e-10,9.027696523398585e-07,4.5753431069882454e-05,0.13230005002727302,0.13229995013397616,0,1,0
4.709418837675351,4.573191189207217e-06,-2.3899977354149207e-05,0.955533085073214,-8.414223145305525e-10,1.7371915478454016e-06,4.1721094775277154e-05,0.13230004994234723,0.13229995022625501,0,1,0
4.729458917835671,4.099112907932121e-06,-2.370391406375479e-05,0.9555330850588952,-7.159384545149667e-10,2.4911730042384117e-06,3.7699072819650496e-05,0.13230004948606608,0.13229995068508554,0,1,0
4.749498997995992,3.6322236891355325e-06,-2.3344460939829456e-05,0.9555330850471175,-5.888825067423823e-10,3.165510468306378e-06,3.37168732033983e-05,0.13230004869092296,0.132299951476626,0,1,0
4.7695390781563125,3.1754733886078414e-06,-2.2837515026384545e-05,0.9555330850378193,-4.649092064275959e-10,3.761537006735852e-06,2.9801326921473675e-05,0.13230004759102465,0.1322999525689251,0,1,0
4.789579158316633,2.73149729770048e-06,-2.219880454536807e-05,0.9555330850308785,-3.4703792906022155e-10,4.281069030071874e-06,2.5976601166801056e-05,0.1323000462192896,0.13229995392959124,0,1,0
4.809619238476953,2.3026216206171625e-06,-2.1443783854165872e-05,0.9555330850261212,-2.3786483806199725e-10,4.726353658302048e-06,2.226423141150874e-05,0.13230004460775102,0.13229995552653095,0,1,0
4.829659318637274,1.8908708420315635e-06,-2.0587538929279944e-05,0.9555330850233211,-1.4000248007357784e-10,5.100017074855087e-06,1.868317082765184e-05,0.13230004279068763,0.13229995733146835,0,1,0
4.849699398797595,1.4979767771920468e-06,-1.9644703241975832e-05,0.9555330850222893,-5.1593690156027005e-11,5.405014179671789e-06,1.5249855240835133e-05,0.13230004079640856,0.13229995931207325,0,1,0
4.869739478957916,1.1253891007135477e-06,-1.8629383823924955e-05,0.9555330850228144,2.6255485631394516e-11,5.644579814858639e-06,1.1978281759342553e-05,0.1323000386549375,0.1322999614399541,0,1,0
4.889779559118236,7.742871555142405e-07,-1.7555097259965354e-05,0.9555330850246877,9.366154102615576e-11,5.8221818085360355e-06,8.88009968386981e-06,0.1323000363918374,0.13229996368473676,0,1,0
4.909819639278557,4.455928496762493e-07,-1.643471529189956e-05,0.9555330850276315,1.471857549318462e-10,5.941476038827769e-06,5.964711514586723e-06,0.13230003403804502,0.13229996602413105,0,1,0
4.929859719438878,1.3998445629334406e-07,-1.5280419669145263e-05,0.9555330850314275,1.898023474836123e-10,6.006263701990164e-06,3.2393831581196578e-06,0.13230003161673146,0.13229996843096892,0,1,0
4.949899799599198,-1.4208886056819358e-07,-1.4103665843076881e-05,0.955533085035858,2.2152461088822056e-10,6.0204509247907405e-06,7.093611400288427e-07,0.13230002915155137,0.132299970881598,0,1,0
4.969939879759519,-4.003919618840621e-07,-1.2915155065793426e-05,0.9555330850407053,2.4236713713999345e-10,5.9880108351139815e-06,-1.6220044838379148e-06,0.1323000266645499,0.13229997335391286,0,1,0
4.98997995991984,-6.348882504279932e-07,-1.1724814427196559e-05,0.9555330850457513,2.5229720788877816e-10,5.912948187963447e-06,-3.753132357526693e-06,0.13230002417760126,0.13229997582885833,0,1,0
5.01002004008016,-8.457239372716625e-07,-1.0541784342183463e-05,0.9555330850508186,2.53366315402624e-10,5.799266596807914e-06,-5.68407955777666e-06,0.13230002171007876,0.1322999782881597,0,1,0
5.03006012024048,-1.033212196895032e-06,-9.374412981168479e-06,0.9555330850557873,2.484324662477896e-10,5.650938416173551e-06,-7.416409031718166e-06,0.1323000192756661,0.1322999807111482,0,1,0
5.050100200400801,-1.197817339449755e-06,-8.230257127736142e-06,0.9555330850604907,2.3517056141509307e-10,5.471877284645191e-06,-8.95305657641797e-06,0.1323000168939813,0.13229998308638435,0,1,0
5.070140280561122,-1.3401391182199445e-06,-7.1160889385094825e-06,0.9555330850648369,2.173090177682338e-10,5.265913325699399e-06,-1.0298197947289641e-05,0.13230001457668358,0.13229998539772506,0,1,0
5.090180360721443,-1.4608972798058157e-06,-6.037908079293567e-06,0.9555330850687418,1.952443246732033e-10,5.036770972802419e-06,-1.1457117644848933e-05,0.13230001233839678,0.13229998763520254,0,1,0
5.110220440881763,-1.5609164540466897e-06,-5.0009587120437e-06,0.955533085072198,1.7281449519653934e-10,4.788049380466624e-06,-1.243607961678972e-05,0.13230001018607537,0.13229998978431678,0,1,0
5.130260521042084,-1.6411114703387134e-06,-4.009750814601185e-06,0.9555330850751632,1.4825836482304988e-10,4.523205361002371e-06,-1.3242200973212667e-05,0.13230000813148066,0.132299991838414,0,1,0
5.150300601202405,-1.7024731767926658e-06,-3.068085322697625e-06,0.9555330850776351,1.2359282175313743e-10,4.2455387662634786e-06,-1.3883329736944621e-05,0.13230000618080437,0.1322999937882124,0,1,0
5.170340681362725,-1.7460548287189494e-06,-2.179082596314179e-06,0.9555330850796059,9.853835328010026e-11,3.958180234310243e-06,-1.4367926597661722e-05,0.13230000434125064,0.13229999562825973,0,1,0
5.190380761523046,-1.7729591032867117e-06,-1.3452137283881152e-06,0.955533085081088,7.410817881097607e-11,3.6640811997255103e-06,-1.4704951729236675e-05,0.13230000261795052,0.13229999735371648,0,1,0
5.210420841683367,-1.7843257878895532e-06,-5.683342301420691e-07,0.9555330850821185,5.152605173693548e-11,3.3660060606071113e-06,-1.4903756955919986e-05,0.13230000101410974,0.1322999989603646,0,1,0
5.2304609218436875,-1.7813201808382413e-06,1.5028035256559783e-07,0.9555330850827438,3.126118346768431e-11,3.0665263890150028e-06,-1.4973983579605409e-05,0.13229999953162178,0.1323000004450684,0,1,0
5.2505010020040075,-1.7651222345164854e-06,8.098973160877941e-07,0.955533085083001,1.2859269439701903e-11,2.7680170620732597e-06,-1.4925466347087173e-05,0.1322999981730438,0.13230000180759977,0,1,0
5.270541082164328,-1.7369164631179516e-06,1.4102885699266894e-06,0.9555330850829529,-2.410750206593694e-12,2.4726541909394698e-06,-1.4768143556689454e-05,0.13229999693657693,0.13230000304545425,0,1,0
5.290581162324649,-1.6978826294852784e-06,1.951691681633658e-06,0.9555330850826235,-1.6469990011862723e-11,2.1824147154184514e-06,-1.4511973776050931e-05,0.132299995824451,0.13230000416207555,0,1,0
5.31062124248497,-1.6491872185517797e-06,2.434770546674934e-06,0.9555330850820828,-2.7036332844400212e-11,1.899077534506317e-06,-1.416685904560673e-05,0.1322999948327823,0.13230000515655038,0,1,0
5.33066132264529,-1.5919756983569182e-06,2.8605760097430773e-06,0.9555330850813751,-3.53831675630321e-11,1.6242260410259253e-06,-1.374257467401958e-05,0.13229999395980202,0.13230000603167122,0,1,0
5.350701402805611,-1.5273655635730954e-06,3.2305067391911374e-06,0.9555330850805347,-4.202446423835655e-11,1.3592519271331388e-06,-1.324870569463934e-05,0.1322999932029416,0.13230000679085915,0,1,0
5.370741482965932,-1.4564401509822536e-06,3.5462706295420946e-06,0.9555330850795979,-4.684142435681584e-11,1.1053601293691252e-06,-1.2694589888200663e-05,0.13229999255875918,0.1323000074379331,0,1,0
5.390781563126252,-1.380243211367139e-06,3.809846980755728e-06,0.9555330850786092,-4.9435169390490275e-11,8.635747867230255e-07,-1.2089267132304992e-05,0.13229999202203724,0.13230000797604524,0,1,0
5.410821643286573,-1.2997742178274985e-06,4.023449676982036e-06,0.9555330850775905,-5.09357197279087e-11,6.347460810741012e-07,-1.1441435282446207e-05,0.13229999158972466,0.132300008411474,0,1,0
5.430861723446894,-1.2159843865762918e-06,4.189491562560337e-06,0.9555330850765889,-5.0080198077439067e-11,4.195578399333385e-07,-1.0759412057038138e-05,0.13229999125418002,0.13230000874671916,0,1,0
5.4509018036072145,-1.1297733828315983e-06,4.310550187234669e-06,0.9555330850756005,-4.941360267633227e-11,2.1853578247627085e-07,-1.0051102872853378e-05,0.13229999101322143,0.13230000899040809,0,1,0
5.4709418837675345,-1.0419866814530913e-06,4.3893350689253464e-06,0.9555330850746665,-4.670279954720446e-11,3.2056293551286136e-08,-9.323974446249235e-06,0.13229999085866562,0.13230000914570458,0,1,0
5.490981963927855,-9.534135494750565e-07,4.42865659890174e-06,0.9555330850737979,-4.343298446904156e-11,-1.3964437921920837e-07,-8.585033638524724e-06,0.1322999907855952,0.13230000921943655,0,1,0
5.511022044088176,-8.647856156441048e-07,4.431396691547582e-06,0.9555330850730044,-3.96711525991723e-11,-2.964606172211595e-07,-7.840811900097557e-06,0.13229999078786783,0.13230000921749863,0,1,0
5.531062124248497,-7.7677599043938e-07,4.400481260236242e-06,0.9555330850722911,-3.5666247198843036e-11,-4.3840769659677375e-07,-7.097353968780709e-06,0.13229999086003388,0.1323000091466404,0,1,0
5.551102204408817,-6.899988988626092e-07,4.33885457883854e-06,0.955533085071677,-3.0702492266038454e-11,-5.656119322953746e-07,-6.360211784930044e-06,0.13229999099364395,0.13230000901068248,0,1,0
5.571142284569138,-6.050097874294461e-07,4.249455571658157e-06,0.9555330850711271,-2.7491997233629315e-11,-6.783007731554955e-07,-5.634442043006043e-06,0.1322999911863407,0.13230000881950107,0,1,0
5.591182364729459,-5.223058663474824e-07,4.135196054098184e-06,0.9555330850706636,-2.317417769291036e-11,-7.767929340914676e-07,-4.924608046798604e-06,0.13229999142925894,0.13230000857634103,0,1,0
5.611222444889779,-4.423270477053286e-07,3.998940932107691e-06,0.9555330850702826,-1.905264292308056e-11,-8.614886352442969e-07,-4.234785057641476e-06,0.1322999917177539,0.1323000082884655,0,1,0
5.6312625250501,-3.6545724067423265e-07,3.843490351554797e-06,0.9555330850699928,-1.4489606003546584e-11,-9.328600102928627e-07,-3.5685687524282905e-06,0.13229999204502543,0.132300007960702,0,1,0
5.651302605210421,-2.9202596517397604e-07,3.67156377501283e-06,0.9555330850697866,-1.030822827161827e-11,-9.91441746840138e-07,-2.9290868273637564e-06,0.13229999240540946,0.1323000075986711,0,1,0
5.671342685370742,-2.2231024614889656e-07,3.485785951253974e-06,0.9555330850696394,-7.362634345805058e-12,-1.037822008574263e-06,-2.3190130867062323e-06,0.13229999279566296,0.1323000072100152,0,1,0
5.691382765531062,-1.565367515398979e-07,3.2886747304499337e-06,0.9555330850695745,-3.2470550674321356e-12,-1.0726336842329335e-06,-1.7405837829335554e-06,0.13229999320716504,0.13230000679654683,0,1,0
5.7114228456913825,-9.488413817212385e-08,3.0826306683887024e-06,0.9555330850695625,-6.005461648275749e-13,-1.096546005097406e-06,-1.19561604322362e-06,0.13229999363764106,0.13230000636593106,0,1,0
5.731462925851703,-3.7485571088232426e-08,2.869928354194571e-06,0.9555330850696011,1.933134556645599e-12,-1.1102565640749783e-06,-6.855279488786122e-07,0.13229999408161836,0.13230000592210542,0,1,0
5.751503006012024,1.5568616671192972e-08,2.6527093879712697e-06,0.9555330850696926,4.572045860563387e-12,-1.114483764924751e-06,-2.113600424886199e-07,0.13229999453314062,0.13230000546797258,0,1,0
5.771543086172344,6.422815523757831e-08,2.4329769283192666e-06,0.9555330850697981,5.27216121932892e-12,-1.1099597184348872e-06,2.2620232449318855e-07,0.13229999499118156,0.13230000501078057,0,1,0
5.791583166332665,1.0847998972073408e-07,2.212591724157789e-06,0.9555330850699301,6.599662253340368e-12,-1.0974236119687398e-06,6.268053233073667e-07,0.13229999544991586,0.13230000455238464,0,1,0
5.811623246492986,1.4834538056246394e-07,1.993269542086493e-06,0.9555330850700936,8.177690714281531e-12,-1.0776155593806884e-06,9.904026294025765e-07,0.13229999590468777,0.13230000409520698,0,1,0
5.831663326653306,1.838769784697484e-07,1.7765798953642232e-06,0.9555330850702531,7.975137274511648e-12,-1.0512709378936377e-06,1.3172310743525158e-06,0.13229999635541456,0.13230000364563196,0,1,0
5.851703406813627,2.1515589805605444e-07,1.5639459793153012e-06,0.9555330850704258,8.630086745556738e-12,-1.0191152181893807e-06,1.6077859852128458e-06,0.13229999679689336,0.13230000320431531,0,1,0
5.871743486973948,2.4228881239155476e-07,1.3566457167750166e-06,0.955533085070614,9.410159718207273e-12,-9.818592855310233e-07,1.8627966329178822e-06,0.1322999972254722,0.1323000027728583,0,1,0
5.891783567134269,2.654050887113476e-07,1.1558138159896414e-06,0.9555330850707753,8.06425290128454e-12,-9.401952487020437e-07,2.0832018414489783e-06,0.13229999764222725,0.13230000235699554,0,1,0
5.911823647294589,2.846539835898538e-07,9.624447439253084e-07,0.955533085070923,7.38753038010291e-12,-8.94792728478681e-07,2.2701260111681387e-06,0.1322999980421927,0.13230000195583985,0,1,0
5.9318637274549095,3.002019139630965e-07,7.773965186621349e-07,0.9555330850710398,5.8376280150053795e-12,-8.462956126314177e-07,2.424855792363164e-06,0.13229999842587697,0.13230000157340693,0,1,0
5.95190380761523,3.122298184870226e-07,6.013952261963064e-07,0.9555330850711443,5.224065811852011e-12,-7.953192705724266e-07,2.548817102949544e-06,0.13229999878973747,0.13230000120911928,0,1,0
5.971943887775551,3.209306218802574e-07,4.350401696617408e-07,0.9555330850712304,4.302790335521755e-12,-7.424482042240175e-07,2.643553317420465e-06,0.13229999913364782,0.13230000086528676,0,1,0
5.991983967935871,3.2650681308727405e-07,2.7880956035083103e-07,0.9555330850712993,3.448185464248592e-12,-6.882341237146648e-07,2.7107040254676217e-06,0.1322999994569064,0.13230000054314356,0,1,0
6.012024048096192,3.2916814637962256e-07,1.3306666461742654e-07,0.9555330850713679,3.428387924081367e-12,-6.331944248989522e-07,2.751984940785642e-06,0.1322999997562843,0.13230000024092178,0,1,0
6.032064128256513,3.291294728401687e-07,-1.9336769726926526e-09,0.9555330850713941,1.3096002486705973e-12,-5.77811047983867e-07,2.7691688457542503e-06,0.13230000003421558,0.13229999996206712,0,1,0
6.052104208416833,3.266087080939769e-07,-1.2603823730959183e-07,0.9555330850713645,-1.4843918583318682e-12,-5.225296966554218e-07,2.764067566422261e-06,0.13230000029216923,0.13229999970864276,0,1,0
6.072144288577154,3.218249406516875e-07,-2.391883721144686e-07,0.9555330850713462,-9.144433518958788e-13,-4.6775939175288795e-07,2.7385152451266914e-06,0.13230000052398627,0.13229999947468724,0,1,0
6.092184368737475,3.149966838133029e-07,-3.414128419192297e-07,0.9555330850713077,-1.923143655367953e-12,-4.13872342471774e-07,2.6943524640556915e-06,0.13230000073473716,0.132299999265116,0,1,0
6.112224448897796,3.063402727664617e-07,-4.3282055234206094e-07,0.9555330850712667,-2.0518106577746244e-12,-3.612040998248991e-07,2.6334121323437506e-06,0.13230000092267552,0.13229999907769208,0,1,0
6.132264529058116,2.9606840726880895e-07,-5.13593274882638e-07,0.9555330850712308,-1.7946047486738497e-12,-3.100539786510501e-07,2.557506058692449e-06,0.13230000108826306,0.1322999989120871,0,1,0
6.152304609218437,2.8438883919627563e-07,-5.839784036266656e-07,0.9555330850711998,-1.5465561443146051e-12,-2.606857184640864e-07,2.4684130093481856e-06,0.13230000123185448,0.13229999876759777,0,1,0
6.1723446893787575,2.715032031871384e-07,-6.44281800456861e-07,0.9555330850711606,-1.9605121710084393e-12,-2.1332835837311515e-07,2.367868004548561e-06,0.13230000135494815,0.1322999986444239,0,1,0
6.192384769539078,2.576059876768429e-07,-6.94860775514776e-07,0.955533085071112,-2.430779323545492e-12,-1.6817730368341622e-07,2.2575527344849434e-06,0.1323000014579076,0.13229999854141739,0,1,0
6.212424849699398,2.428836427816119e-07,-7.361172447615476e-07,0.9555330850710534,-2.9333298907813147e-12,-1.2539556209136843e-07,2.13908707960239e-06,0.13230000154203925,0.13229999845819337,0,1,0
6.232464929859719,2.2751382074026422e-07,-7.684911020673847e-07,0.9555330850709982,-2.7614549795960935e-12,-8.511512267189926e-08,2.0140219709734594e-06,0.13230000160706132,0.13229999839262105,0,1,0
6.25250501002004,2.1166474396232644e-07,-7.924538388968883e-07,0.9555330850709383,-2.9961248613627457e-12,-4.743845990232508e-08,1.8838331384787083e-06,0.13230000165522465,0.13229999834497694,0,1,0
6.27254509018036,1.9549469517470126e-07,-8.085024393812595e-07,0.9555330850708813,-2.845110230352379e-12,-1.2440136658360932e-08,1.7499161621982076e-06,0.1323000016869372,0.1322999983135874,0,1,0
6.292585170340681,1.7915162367345837e-07,-8.171535750621448e-07,0.9555330850708322,-2.4544338044053857e-12,1.983150801765088e-08,1.6135822338005905e-06,0.13230000170279502,0.13229999829688993,0,1,0
6.312625250501002,1.6277286130410735e-07,-8.189381184675509e-07,0.9555330850707785,-2.685917941238872e-12,4.935261126957481e-08,1.4760551625961966e-06,0.13230000170547365,0.13229999829534425,0,1,0
6.332665330661323,1.464849414665189e-07,-8.143959918794213e-07,0.955533085070737,-2.078019678870129e-12,7.612199411118675e-08,1.3384691420805963e-06,0.13230000169406217,0.13229999830578928,0,1,0
6.352705410821643,1.3040351421129779e-07,-8.040713627610564e-07,0.9555330850706932,-2.1866335501035955e-12,1.0015934310761277e-07,1.2018674498213008e-06,0.13230000167158157,0.13229999832897912,0,1,0
6.372745490981964,1.1463335032485425e-07,-7.885081943221766e-07,0.9555330850706578,-1.7701403393836506e-12,1.2150338025445285e-07,1.067201857342007e-06,0.1323000016381016,0.13229999836272,0,1,0
6.3927855711422845,9.926842720416886e-08,-7.682461560342693e-07,0.9555330850706346,-1.1610731103215548e-12,1.4021003687774605e-07,9.353328311646582e-07,0.13230000159430577,0.13229999840545112,0,1,0
6.4128256513026045,8.439208928174552e-08,-7.438168961211666e-07,0.9555330850706077,-1.341733011044999e-12,1.5635064447227058e-07,8.070303797262271e-07,0.13230000154181767,0.13229999845658785,0,1,0
6.432865731462925,7.007727578280378e-08,-7.157406749470868e-07,0.9555330850705572,-2.5237313404061373e-12,1.7001015571783793e-07,6.829755622783674e-07,0.13230000148372875,0.13229999851706112,0,1,0
6.452905811623246,5.6386808668934905e-08,-6.845233556934435e-07,0.9555330850705185,-1.9390367655918783e-12,1.8128540526412193e-07,5.637624773141977e-07,0.13230000141754383,0.13229999858227823,0,1,0
6.472945891783567,4.3373733746422956e-08,-6.506537461255975e-07,0.9555330850704771,-2.072124600782729e-12,1.9028342210492505e-07,4.499008420401572e-07,0.13230000134709605,0.13229999865404482,0,1,0
6.492985971943887,3.1081708079028346e-08,-6.146012833697305e-07,0.9555330850704525,-1.2286102661650213e-12,1.9711979957004626e-07,3.4181887325606263e-07,0.13230000127172437,0.13229999872975579,0,1,0
6.513026052104208,1.9545427052647082e-08,-5.768140513190632e-07,0.9555330850704499,-1.3477184590904731e-13,2.019171330085367e-07,2.3986667192451956e-07,0.13230000119162036,0.13229999880774718,0,1,0
6.533066132264529,8.791084670516798e-09,-5.377171191065142e-07,0.9555330850704378,-6.069945151172331e-13,2.0480353002056908e-07,1.4431985060161907e-07,0.1323000011106546,0.1322999988901307,0,1,0
6.55310621242485,-1.1631390718780428e-09,-4.97711187119742e-07,0.9555330850704372,-2.8805268217025126e-14,2.0591119878903687e-07,5.5383438423391246e-08,0.13230000102670178,0.13229999897312603,0,1,0
6.57314629258517,-1.0306569593813398e-08,-4.5717152609676773e-07,0.955533085070434,-1.6045308558170887e-13,2.053751208116456e-07,-2.6803898869567617e-08,0.13230000094255118,0.13229999905797066,0,1,0
6.593186372745491,-1.8635513468895998e-08,-4.1644719375413004e-07,0.9555330850704384,2.2203469026627798e-13,2.0333180729004327e-07,-1.0216567608011352e-07,0.13230000085793672,0.13229999914296017,0,1,0
6.613226452905812,-2.615272371266824e-08,-3.758605121886121e-07,0.9555330850704561,8.820358841198864e-13,1.999181471557198e-07,-1.7068300671617378e-07,0.13230000077305942,0.1322999992269643,0,1,0
6.633266533066132,-3.2866859501542506e-08,-3.357067894437134e-07,0.955533085070474,8.948270282850937e-13,1.9527034191881485e-07,-2.323902618452485e-07,0.13230000068977696,0.13229999931062475,0,1,0
6.6533066132264524,-3.879194484325094e-08,-2.9625426708542183e-07,0.9555330850704977,1.1877490805350487e-12,1.89522933175942e-07,-2.873704371436415e-07,0.13230000060747069,0.13229999939221898,0,1,0
6.673346693386773,-4.3946830375066846e-08,-2.577442765907951e-07,0.9555330850705168,9.531258695885625e-13,1.8280792097415484e-07,-3.3575061008935744e-07,0.132300000527145,0.13229999947175913,0,1,0
6.693386773547094,-4.8354662099439944e-08,-2.2039158621865503e-07,0.9555330850705196,1.370234133412645e-13,1.7525397212032497e-07,-3.776974426914905e-07,0.1323000004499826,0.1322999995495473,0,1,0
6.713426853707414,-5.2042360507517796e-08,-1.8438492040389257e-07,0.9555330850705153,-2.1463770965692775e-13,1.6698571818191964e-07,-4.134126969202671e-07,0.1323000003755874,0.1322999996244115,0,1,0
6.733466933867735,-5.50401131856795e-08,-1.4988763390808493e-07,0.9555330850705109,-2.183762593889614e-13,1.581231381484798e-07,-4.43129001671992e-07,0.13230000030446137,0.1322999996961892,0,1,0
6.753507014028056,-5.738088364611808e-08,-1.1703852302192904e-07,0.9555330850705162,2.609367965053377e-13,1.4878103043135785e-07,-4.671053858560981e-07,0.13230000023572078,0.13229999976342632,0,1,0
6.773547094188377,-5.9099938788470955e-08,-8.59527571176439e-08,0.9555330850705087,-3.735173088605203e-13,1.3906856086912492e-07,-4.856234781116456e-07,0.13230000017277507,0.13229999982906757,0,1,0
6.793587174348697,-6.023439704732751e-08,-5.672291294282734e-08,0.9555330850705285,9.894702101619558e-13,1.2908889530074796e-07,-4.989832784188496e-07,0.13230000011156567,0.13229999988867586,0,1,0
6.813627254509018,-6.08227989809383e-08,-2.942009668054008e-08,0.9555330850705518,1.165718926672668e-12,1.1893890158965978e-07,-5.07499685554407e-07,0.13230000005482864,0.1322999999447032,0,1,0
6.833667334669339,-6.090470172342085e-08,-4.095137124127535e-09,0.9555330850705681,8.163064419198626e-13,1.0870892750480927e-07,-5.114987042425261e-07,0.13230000000205805,0.13229999999644276,0,1,0
6.853707414829659,-6.052029844948205e-08,1.9220163696939717e-08,0.9555330850705622,-2.9627718049943297e-13,9.848264520270134e-08,-5.113141151053959e-07,0.132299999954419,0.1323000000449328,0,1,0
6.8737474949899795,-5.971006370234364e-08,4.051173735692069e-08,0.9555330850705467,-7.774134726278459e-13,8.833695500600327e-08,-5.072845098349028e-07,0.1322999999106974,0.13230000008891096,0,1,0
6.8937875751503,-5.8514425173820693e-08,5.978192642614746e-08,0.9555330850705254,-1.0679075409880914e-12,7.834195218978547e-08,-4.997501408108896e-07,0.13229999987111296,0.13230000012861365,0,1,0
6.913827655310621,-5.697346229253319e-08,7.704814406437515e-08,0.9555330850704999,-1.2703223662735906e-12,6.856094599532989e-08,-4.890503097227796e-07,0.13229999983613575,0.13230000016459098,0,1,0
6.933867735470941,-5.512663172903334e-08,9.234152817499235e-08,0.9555330850704853,-7.315937284829834e-13,5.905052883940121e-08,-4.7552085779643384e-07,0.132299999804252,0.13230000019546367,0,1,0
6.953907815631262,-5.3012519721786297e-08,1.057056003623522e-07,0.9555330850704664,-9.420358585252905e-13,4.986068944919478e-08,-4.5949196951032125e-07,0.13229999977661375,0.1323000002225718,0,1,0
6.973947895791583,-5.066862093123629e-08,1.1719493952750054e-07,0.9555330850704356,-1.5450126817627165e-12,4.103496839888252e-08,-4.412860525156136e-07,0.1322999997535993,0.13230000024652627,0,1,0
6.993987975951904,-4.8131143357255626e-08,1.2687387869903325e-07,0.9555330850704066,-1.4510448339127192e-12,3.2610649480589465e-08,-4.212159459146524e-07,0.1322999997339112,0.13230000026630015,0,1,0
7.014028056112224,-4.543483868942257e-08,1.348152333916525e-07,0.9555330850703807,-1.2935598962016245e-12,2.4618981172822797e-08,-3.995834153883335e-07,0.1322999997182108,0.13230000028286332,0,1,0
7.034068136272545,-4.2612857319601945e-08,1.4109906849103124e-07,0.9555330850703707,-4.970082044052951e-13,1.708542825591649e-08,-3.7667764584531526e-07,0.13229999970470524,0.13230000029475833,0,1,0
7.054108216432866,-3.969662712894799e-08,1.4581150953269778e-07,0.9555330850703528,-8.940509753505589e-13,1.0029944653056936e-08,-3.5277418014297776e-07,0.13229999969528264,0.13230000030423594,0,1,0
7.074148296593186,-3.671575504397152e-08,1.4904360424882367e-07,0.9555330850703279,-1.2500530038409706e-12,3.467268054478987e-09,-3.2813382992889744e-07,0.1322999996889187,0.1323000003106523,0,1,0
7.0941883767535066,-3.3697950273925226e-08,1.508902385023145e-07,0.9555330850702966,-1.5668929022849264e-12,-2.592771512400299e-09,-3.030019783439643e-07,0.13229999968629544,0.13230000031508582,0,1,0
7.114228456913827,-3.066896805723167e-08,1.514491108346779e-07,0.9555330850702857,-5.424747818505371e-13,-8.14493077152949e-09,-2.776079629564595e-07,0.13229999968423387,0.13230000031476558,0,1,0
7.134268537074148,-2.7652572690952865e-08,1.508197683139403e-07,0.95553308507026,-1.283196059768653e-12,-1.31882229440456e-08,-2.5216460862580545e-07,0.132299999686605,0.13230000031397865,0,1,0
7.154308617234468,-2.4670518569901556e-08,1.4910270605256544e-07,0.955533085070243,-8.497794922923738e-13,-1.7725581515496355e-08,-2.2686792857253775e-07,0.13229999969051365,0.13230000031024616,0,1,0
7.174348697394789,-2.174254792639028e-08,1.463985321755639e-07,0.9555330850702373,-2.8627809926339494e-13,-2.1763524182730255e-08,-2.0189713336169498e-07,0.13229999969650966,0.1323000003045399,0,1,0
7.19438877755511,-1.8886403939225397e-08,1.4280719935824416e-07,0.9555330850702471,4.913396075809858e-13,-2.531181229050559e-08,-1.7741440538876675e-07,0.1322999997040843,0.13230000029676559,0,1,0
7.214428857715431,-1.6117857882322054e-08,1.384273028451672e-07,0.9555330850702696,1.1204917718291629e-12,-2.838311672374897e-08,-1.5356522166216893e-07,0.13229999971226358,0.13230000028635802,0,1,0
7.234468937875751,-1.3450748966699586e-08,1.333554457811234e-07,0.9555330850702716,9.848371996930191e-14,-3.0992688564107967e-08,-1.3047859201794968e-07,0.1322999997238604,0.13230000027653144,0,1,0
7.254509018036072,-1.0897035556003724e-08,1.2768567053479311e-07,0.9555330850702793,3.885989657620489e-13,-3.315803595433562e-08,-1.0826736951138278e-07,0.13229999973526096,0.13230000026406416,0,1,0
7.274549098196393,-8.466856455422606e-09,1.215089550290559e-07,0.9555330850702771,-1.1175210666627719e-13,-3.4898608490135775e-08,-8.702862679000748e-08,0.13229999974825185,0.1323000002511185,0,1,0
7.294589178356713,-6.168600999255415e-09,1.1491277280835955e-07,0.9555330850702656,-5.782289569248455e-13,-3.623549530393293e-08,-6.684434068985749e-08,0.13229999976281148,0.13230000023803468,0,1,0
7.314629258517034,-4.00898669290511e-09,1.0798071531751523e-07,0.9555330850702666,4.8856972237030786e-14,-3.719113403403196e-08,-4.778193650495146e-08,0.13229999977721868,0.13230000022343924,0,1,0
7.3346693386773545,-1.9931432197395964e-09,1.0079217365827569e-07,0.9555330850702773,5.359676423137512e-13,-3.77890318253242e-08,-2.9894889564612785e-08,0.1322999997924324,0.1323000002086192,0,1,0
7.354709418837675,-1.2470166689309844e-10,9.34220776423249e-08,0.9555330850703037,1.314365251856994e-12,-3.8053501806205186e-08,-1.3223499044048637e-08,0.13229999980688745,0.1323000001923191,0,1,0
7.374749498997995,1.5941121278500633e-09,8.594068973715808e-08,0.9555330850703182,7.253889476907888e-13,-3.8009414886817733e-08,2.204345969372108e-09,0.13229999982329743,0.13230000017754218,0,1,0
7.394789579158316,3.1623811443891946e-09,7.841345082695658e-08,0.9555330850703452,1.3465463909177698e-12,-3.768196742381973e-08,1.6372373149900687e-08,0.1322999998379566,0.13230000016085278,0,1,0
7.414829659318637,4.580398639289104e-09,7.090087474499547e-08,0.9555330850703544,4.633738850231679e-13,-3.7096464974711794e-08,2.9275122455396466e-08,0.13229999985400612,0.13230000014564314,0,1,0
7.434869739478958,5.849568407836841e-09,6.345848842738685e-08,0.9555330850703585,2.03140740287867e-13,-3.6278121323927294e-08,4.091718253922545e-08,0.13229999987057703,0.1323000001312722,0,1,0
7.454909819639278,6.9723046978261154e-09,5.613681449946376e-08,0.9555330850703899,1.572612248707113e-12,-3.5251876243935626e-08,5.1312253999583264e-08,0.13229999988368396,0.13230000011396306,0,1,0
7.474949899799599,7.951932563164523e-09,4.898139326692041e-08,0.9555330850703865,-1.717757363898938e-13,-3.404222889983421e-08,6.048236720507072e-08,0.13229999989990424,0.13230000010047982,0,1,0
7.49498997995992,8.792589371313363e-09,4.203284040744198e-08,0.9555330850703887,1.126389959302945e-13,-3.267308882421097e-08,6.845700378116204e-08,0.13229999991307864,0.13230000008482973,0,1,0
7.51503006012024,9.499128116716151e-09,3.5326937270139466e-08,0.9555330850703599,-1.4369744460348999e-12,-3.1167643167430336e-08,7.52722828390314e-08,0.13229999992777894,0.1323000000717321,0,1,0
7.535070140280561,1.0077023122924615e-08,2.8894750310423144e-08,0.955533085070324,-1.7981739460441507e-12,-2.9548239312612922e-08,8.097019274087073e-08,0.13229999994185498,0.13230000005916337,0,1,0
7.5551102204408815,1.0532278651908289e-08,2.27627764491837e-08,0.9555330850703031,-1.0425045250606958e-12,-2.7836284224501232e-08,8.559775440558458e-08,0.13229999995473057,0.13230000004665546,0,1,0
7.575150300601202,1.0871340878362578e-08,1.69531113227144e-08,0.9555330850703028,-1.50910056825786e-14,-2.6052158816074377e-08,8.920627042134267e-08,0.1322999999664022,0.13230000003429582,0,1,0
7.595190380761522,1.1101013620876835e-08,1.1483637125712817e-08,0.9555330850703128,5.017815105782221e-13,-2.421514582122413e-08,9.185064974251243e-08,0.13229999997764197,0.13230000002292777,0,1,0
7.615230460921843,1.1228378162641955e-08,6.368227088256017e-09,0.9555330850703312,9.233876559884932e-13,-2.2343373750795747e-08,9.358860352141914e-08,0.13229999998739847,0.13230000001155584,0,1,0
7.635270541082164,1.1260717441157117e-08,1.6169639257581145e-09,0.9555330850703342,1.479638313403615e-13,-2.0453773177556393e-08,9.44800286619678e-08,0.1322999999977258,0.13230000000227596,0,1,0
7.655310621242485,1.1205444823146925e-08,-2.763630900509573e-09,0.9555330850703372,1.4904307831298974e-13,-1.8562044166761863e-08,9.458645053972643e-08,0.13230000000605227,0.1322999999925405,0,1,0
7.675350701402805,1.1070037632374558e-08,-6.770359538618313e-09,0.9555330850703193,-8.935254868432278e-13,-1.668263797482393e-08,9.397030959689669e-08,0.13230000001505834,0.1322999999850424,0,1,0
7.695390781563126,1.0861975554218654e-08,-1.0403103907795192e-08,0.955533085070303,-8.182426781573746e-13,-1.4828748053530013e-08,9.269449606469578e-08,0.13230000002234277,0.13229999997737815,0,1,0
7.715430861723447,1.0588683984860313e-08,-1.3664578467917019e-08,0.9555330850702825,-1.0243312048714183e-12,-1.3012312943314136e-08,9.082175551079386e-08,0.1323000000287916,0.13229999997042255,0,1,0
7.735470941883767,1.0257482356382907e-08,-1.6560081423870275e-08,0.9555330850702504,-1.6056588929042105e-12,-1.1244026229330577e-08,8.841433569917793e-08,0.13230000003604345,0.13229999996579084,0,1,0
7.755511022044088,9.875537422468604e-09,-1.9097246695715158e-08,0.9555330850702455,-2.4574801099032137e-13,-9.533356224369888e-09,8.55335002480344e-08,0.13230000004037074,0.13229999995972386,0,1,0
7.775551102204409,9.449821461681447e-09,-2.128579803935789e-08,0.9555330850702419,-1.7549404014961384e-13,-7.888572181769705e-09,8.223920213000917e-08,0.1323000000449374,0.1322999999553407,0,1,0
7.7955911823647295,8.987075317262987e-09,-2.3137307220923017e-08,0.9555330850702426,3.057553412368361e-14,-6.316781337956394e-09,7.858954219066551e-08,0.1323000000484146,0.13229999995126682,0,1,0
7.8156312625250495,8.493776166807852e-09,-2.466495752275674e-08,0.9555330850702385,-2.0546405923392808e-13,-4.8239661656317075e-09,7.464075861623433e-08,0.13230000005192105,0.13229999994856287,0,1,0
7.83567134268537,7.97610987282916e-09,-2.5883314698934605e-08,0.9555330850702416,1.5306612220081036e-13,-3.4150318060689626e-09,7.044671797813725e-08,0.132300000053839,0.13229999994555133,0,1,0
7.855711422845691,7.439947764517881e-09,-2.6808105415563967e-08,0.9555330850702356,-2.9867910037735635e-13,-2.0938547157156636e-09,6.605885451766494e-08,0.13230000005649595,0.13229999994449448,0,1,0
7.875751503006012,6.890827661215322e-09,-2.7456005165127964e-08,0.9555330850702443,4.3518154101817494e-13,-8.633357611227494e-10,6.15259477296457e-08,0.13230000005683945,0.13229999994226815,0,1,0
7.895791583166332,6.333938943512069e-09,-2.7844435885162632e-08,0.9555330850702397,-2.262312156420824e-13,2.7454174216425506e-10,5.6893875164350216e-08,0.1323000000581941,0.13229999994212474,0,1,0
7.915831663326653,5.77411146060182e-09,-2.799137414551241e-08,0.9555330850702399,1.0082695487355636e-14,1.3186534702970413e-09,5.220558640663931e-08,0.13230000005894285,0.13229999994237227,0,1,0
7.935871743486974,5.2158080433097154e-09,-2.791517086460525e-08,0.9555330850702596,9.841886074327528e-13,2.2686734439527097e-09,4.75009986827834e-08,0.13230000005806627,0.132299999941915,0,1,0
7.955911823647294,4.663120390357493e-09,-2.763438264761112e-08,0.955533085070279,9.695245949952286e-13,3.125012334132433e-09,4.281694450898617e-08,0.13230000005801776,0.13229999994312971,0,1,0
7.975951903807615,4.119768087430301e-09,-2.7167615146359586e-08,0.9555330850703154,1.8186412580337885e-12,3.888755755569242e-09,3.8187171071840446e-08,0.13230000005624273,0.13229999994338235,0,1,0
7.995991983967936,3.589100514697326e-09,-2.653337863664874e-08,0.9555330850703462,1.539459009722669e-12,4.561599827946331e-09,3.364220361885449e-08,0.1323000000549446,0.13229999994480018,0,1,0
8.016032064128256,3.07410139858613e-09,-2.5749955805559823e-08,0.9555330850703732,1.3492139579640272e-12,5.14579006406718e-09,2.920951180604245e-08,0.1323000000535726,0.1322999999467573,0,1,0
8.036072144288577,2.5773957530947946e-09,-2.4835282274566776e-08,0.955533085070405,1.5924967744683986e-12,5.644060691706536e-09,2.4913531381967794e-08,0.13230000005093825,0.13229999994798966,0,1,0
8.056112224448897,2.101258969171901e-09,-2.3806839196144698e-08,0.955533085070421,7.970799466351106e-13,6.059573845357142e-09,2.07756576825303e-08,0.1323000000491459,0.1322999999505293,0,1,0
8.076152304609218,1.6476278125881619e-09,-2.2681557829186948e-08,0.9555330850704321,5.55835668650485e-13,6.395861298107267e-09,1.6814372637506265e-08,0.1323000000468152,0.1322999999529281,0,1,0
8.09619238476954,1.2181130904035865e-09,-2.1475736109228765e-08,0.9555330850704394,3.652061786400528e-13,6.656770059473412e-09,1.3045438068307228e-08,0.13230000004459705,0.13229999995576402,0,1,0
8.11623246492986,8.140137562850727e-10,-2.0204966705925696e-08,0.9555330850704521,6.323558778498825e-13,6.8464037045741725e-09,9.481682255038037e-09,0.13230000004169593,0.1322999999581822,0,1,0
8.13627254509018,4.3633224026628333e-10,-1.888407580093947e-08,0.955533085070463,5.415282547189524e-13,6.969074663039213e-09,6.1335479232520225e-09,0.13230000003882056,0.13229999996082736,0,1,0
8.1563126252505,8.579077198115628e-11,-1.752707341425635e-08,0.9555330850704685,2.802383492244055e-13,7.0292529393442254e-09,3.0089138152506145e-09,0.13230000003511372,0.13229999996278513,0,1,0
8.176352705410821,-2.3715149045179884e-10,-1.6147113121647757e-08,0.955533085070443,-1.276395495226326e-12,7.0315201798114625e-09,1.1336202336186551e-10,0.1323000000331964,0.13229999996662165,0,1,0
8.196392785571142,-5.322807275542001e-10,-1.4756461855120067e-08,0.9555330850704148,-1.4101357122626101e-12,6.980525827473883e-09,-2.5497176168789358e-09,0.13230000002976525,0.1322999999689836,0,1,0
8.216432865731463,-7.996103021674663e-10,-1.3366478730663306e-08,0.955533085070368,-2.3358357337244325e-12,6.880946969422126e-09,-4.978942902587895e-09,0.1323000000283626,0.13229999997336536,0,1,0
8.236472945891784,-1.0393623518819458e-09,-1.1987602485723971e-08,0.955533085070347,-1.0540118320451315e-12,6.737449993220243e-09,-7.1748488100941226e-09,0.1323000000247273,0.13229999997546366,0,1,0
8.256513026052104,-1.2519492878407866e-09,-1.0629346797942038e-08,0.9555330850703287,-9.117085594011826e-13,6.554656889902187e-09,-9.139655165902769e-09,0.13230000002156778,0.1322999999779478,0,1,0
8.276553106212425,-1.4379553502812867e-09,-9.300303122025002e-09,0.9555330850703033,-1.269838098139115e-12,6.33711409090365e-09,-1.0877139949926872e-08,0.13230000001949707,0.13229999998139602,0,1,0
8.296593186372744,-1.598118352866657e-09,-8.00815012926852e-09,0.9555330850702912,-6.072816005576812e-13,6.089264489450569e-09,-1.2392480072654026e-08,0.13230000001610884,0.13229999998336875,0,1,0
8.316633266533065,-1.7333117378165298e-09,-6.759669247493639e-09,0.9555330850702713,-9.937824382310209e-13,5.815421122325826e-09,-1.3692168356237173e-08,0.13230000001397635,0.13229999998641206,0,1,0
8.336673346693386,-1.844527051262179e-09,-5.560765672282452e-09,0.9555330850702572,-7.053183122190136e-13,5.519745399089617e-09,-1.478378616181043e-08,0.1323000000115484,0.13229999998895126,0,1,0
8.356713426853707,-1.9328569416595e-09,-4.416494519866046e-09,0.9555330850702506,-3.346557000625407e-13,5.2062285033656205e-09,-1.5675844786199856e-08,0.13230000000969144,0.13229999999183206,0,1,0
8.376753507014028,-1.9994787661815266e-09,-3.331091226101332e-09,0.9555330850702665,7.94125685193408e-13,4.87867491916341e-09,-1.6377679210110552e-08,0.13230000000641925,0.13229999999305017,0,1,0
8.396793587174349,-2.0456388775119747e-09,-2.3080055665224e-09,0.9555330850702745,4.0050442117928934e-13,4.54068811321434e-09,-1.689934029745351e-08,0.13230000000433767,0.13229999999519917,0,1,0
8.41683366733467,-2.0726376550710966e-09,-1.3499388779560977e-09,0.9555330850702756,5.707030187112006e-14,4.195660876279049e-09,-1.7251361846764546e-08,0.1323000000028026,0.13229999999762138,0,1,0
8.436873747494989,-2.081815336204825e-09,-4.588840566864347e-10,0.955533085070283,3.7108445618255557e-13,3.846764685575288e-09,-1.74448095351881e-08,0.1323000000004094,0.13229999999890624,0,1,0
8.45691382765531,-2.0745386845588398e-09,3.638325822992758e-10,0.9555330850702802,-1.3616743285750647e-13,3.496945113956145e-09,-1.7490978580957125e-08,0.13229999999910588,0.13230000000099515,0,1,0
8.47695390781563,-2.05218853666658e-09,1.1175073946129865e-09,0.955533085070279,-6.121960713618241e-14,3.1489167868210914e-09,-1.740141635675269e-08,0.13229999999792752,0.13230000000292266,0,1,0
8.496993987975952,-2.0161482440454822e-09,1.8020146310548855e-09,0.9555330850702903,5.685423572075184e-13,2.80516297941231e-09,-1.7187690370439065e-08,0.13229999999613132,0.1323000000039438,0,1,0
8.517034068136272,-1.9677930298534947e-09,2.417760709599373e-09,0.9555330850703028,6.237234456498028e-13,2.467934148495186e-09,-1.6861441545856205e-08,0.1322999999945011,0.13230000000484457,0,1,0
8.537074148296593,-1.908480260952727e-09,2.9656384450383796e-09,0.9555330850703055,1.3855544710105413e-13,2.139249902508538e-09,-1.643421229933239e-08,0.132299999993176,0.13230000000576875,0,1,0
8.557114228456914,-1.839540640403957e-09,3.446981027438506e-09,0.9555330850702927,-6.432780535733666e-13,1.8209027869790624e-09,-1.591735577647379e-08,0.1322999999926361,0.1323000000072024,0,1,0
8.577154308617233,-1.7622703119325647e-09,3.8635164235696095e-09,0.9555330850702775,-7.62379973626873e-13,1.514463426737349e-09,-1.532196801208567e-08,0.13229999999218764,0.13230000000845757,0,1,0
8.597194388777554,-1.6779238607975925e-09,4.217322556748605e-09,0.9555330850702718,-2.8384236237791673e-13,1.2212850981533304e-09,-1.4658916429200929e-08,0.13229999999098346,0.13230000000869682,0,1,0
8.617234468937875,-1.5877081901892168e-09,4.51078353041878e-09,0.9555330850702614,-5.204629063944996e-13,9.4251201863632e-10,-1.393865397585052e-08,0.1322999999910855,0.13230000000999356,0,1,0
8.637274549098196,-1.4927772545309342e-09,4.7465467829141325e-09,0.9555330850702669,2.792276615811889e-13,6.790883981742919e-10,-1.3171181023101403e-08,0.13229999998962294,0.132300000009486,0,1,0
8.657314629258517,-1.3942276165064387e-09,4.927481901224773e-09,0.9555330850702592,-3.810557951473834e-13,4.3176592962203286e-10,-1.2366123427612952e-08,0.13229999999034459,0.13230000001093484,0,1,0
8.677354709418838,-1.2930947916697445e-09,5.056641241834708e-09,0.9555330850702706,5.669524726790375e-13,2.011135217389304e-10,-1.1532620394155123e-08,0.13229999998945963,0.13230000001056422,0,1,0
8.697394789579159,-1.1903503506469928e-09,5.137222051137586e-09,0.9555330850702822,5.841209603100327e-13,-1.2470718828160793e-11,-1.067921202835456e-08,0.13229999998911862,0.13230000001053638,0,1,0
8.71743486973948,-1.0868997401700064e-09,5.1725305238493155e-09,0.9555330850702888,3.281128523757202e-13,-2.0874987841595015e-10,-9.813957979389467e-09,0.13229999998887887,0.13230000001042327,0,1,0
8.737474949899799,-9.835807753973582e-10,5.165948238632415e-09,0.955533085070285,-1.8906502604293922e-13,-3.8763647120227953e-10,-8.94432963931647e-09,0.13229999998861408,0.13230000001011127,0,1,0
8.75751503006012,-8.811627653180671e-10,5.120900503964554e-09,0.9555330850702624,-1.1331134848163096e-12,-5.491821299923233e-10,-8.077282939502186e-09,0.13229999998958455,0.132300000010877,0,1,0
8.77755511022044,-7.803462246121237e-10,5.040827035297172e-09,0.9555330850702466,-7.903724620502478e-13,-6.93564645356046e-10,-7.219125768186136e-09,0.1322999999893264,0.1323000000102694,0,1,0
8.797595190380761,-6.817631310865089e-10,4.92915467628074e-09,0.9555330850702248,-1.089186282804258e-12,-8.210772722970616e-10,-6.37563134705078e-09,0.1322999999902204,0.13230000001068462,0,1,0
8.817635270541082,-5.859776774437568e-10,4.789272682137606e-09,0.9555330850702165,-4.179839918430718e-13,-9.321165128430095e-10,-5.551962027297394e-09,0.13229999998961095,0.1323000000094798,0,1,0
8.837675350701403,-4.934874750695995e-10,4.624510118707864e-09,0.9555330850701946,-1.0911899602594457e-12,-1.0271718625907234e-09,-4.752767487385696e-09,0.13229999999092862,0.13230000001009998,0,1,0
8.857715430861724,-4.047251615860465e-10,4.438115674177651e-09,0.9555330850701881,-3.284150950025624e-13,-1.1068140827364456e-09,-3.982111007286112e-09,0.13229999999124104,0.1323000000096275,0,1,0
8.877755511022043,-3.20060371653062e-10,4.233239496649225e-09,0.9555330850701944,3.1520599069695707e-13,-1.1716834721060411e-09,-3.2434694684797794e-09,0.13229999999154834,0.1323000000090737,0,1,0
8.897795591182364,-2.39802024754847e-10,4.012917344910749e-09,0.95553308507021,7.757018461485398e-13,-1.222480722684103e-09,-2.539862528903094e-09,0.13229999999182104,0.13230000000842168,0,1,0
8.917835671342685,-1.6420088374337536e-10,3.7800570505735825e-09,0.955533085070229,9.548280264754991e-13,-1.2599568272405865e-09,-1.8738052278241728e-09,0.13229999999145883,0.13230000000708486,0,1,0
8.937875751503006,-9.345234807625634e-11,3.5374267833559507e-09,0.9555330850702266,-1.247303910576465e-13,-1.2849021381820284e-09,-1.2472655470721018e-09,0.13229999999262704,0.13230000000723938,0,1,0
8.957915831663327,-2.769944199918654e-11,3.28764530385349e-09,0.9555330850702222,-2.2363299153721718e-13,-1.298137662956963e-09,-6.617762387467262e-10,0.1322999999929432,0.1323000000065121,0,1,0
8.977955911823647,3.2964045372534176e-11,3.0331743685860357e-09,0.9555330850702096,-6.269115122140793e-13,-1.3005075427905642e-09,-1.1849399168006334e-10,0.13229999999437436,0.13230000000688183,0,1,0
8.997995991983968,8.84903023166268e-11,2.7763128472046316e-09,0.9555330850702157,3.0406156628613e-13,-1.2928696046371437e-09,3.8189690767102365e-10,0.13229999999508285,0.1323000000065206,0,1,0
9.018036072144287,1.3887414868838715e-10,2.519192318588017e-09,0.9555330850702456,1.4915475359223186e-12,-1.2760875797062724e-09,8.391012465435695e-10,0.13229999999458497,0.13230000000495182,0,1,0
9.038076152304608,1.8414963913378228e-10,2.2637745222697565e-09,0.9555330850702686,1.1472135525907644e-12,-1.2510254408297194e-09,1.2531069438276522e-09,0.13229999999459316,0.13230000000389847,0,1,0
9.05811623246493,2.243866458752106e-10,2.0118503370714164e-09,0.9555330850702691,2.8971878666940627e-14,-1.2185391315477365e-09,1.6243154640991405e-09,0.1322999999960577,0.13230000000431583,0,1,0
9.07815631262525,2.596874432839059e-10,1.7650398704347628e-09,0.9555330850702752,3.0558152317793004e-13,-1.1794723160365422e-09,1.953340775559711e-09,0.1322999999961667,0.1323000000033998,0,1,0
9.098196392785571,2.901833266596461e-10,1.5247941687870112e-09,0.9555330850702749,-1.5746156026129415e-14,-1.1346502765989506e-09,2.2411019718795813e-09,0.13229999999739694,0.13230000000363415,0,1,0
9.118236472945892,3.160312818503498e-10,1.292397759535184e-09,0.9555330850702899,7.479533149262758e-13,-1.084874337767484e-09,2.488796941573324e-09,0.13229999999743142,0.13230000000270375,0,1,0
9.138276553106213,3.374107295930929e-10,1.0689723871371579e-09,0.9555330850703069,8.474516068681301e-13,-1.0309203732030962e-09,2.6976982282193875e-09,0.13229999999820838,0.132300000002555,0,1,0
9.158316633266534,3.545203663739634e-10,8.554818390435225e-10,0.9555330850703351,1.4122978525647657e-12,-9.735322447231681e-10,2.8694064239964095e-09,0.13229999999873618,0.13230000000219927,0,1,0
9.178356713426853,3.6757510758274464e-10,6.527370604390636e-10,0.9555330850703772,2.104120748075466e-12,-9.134195471609887e-10,3.0056348781089666e-09,0.13229999999829364,0.13230000000091743,0,1,0
9.198396793587174,3.7680315859948887e-10,4.614025508372123e-10,0.9555330850704075,1.5179741762810195e-12,-8.51255886033162e-10,3.1081830563913355e-09,0.13229999999886957,0.1323000000007028,0,1,0
9.218436873747494,3.824432225507194e-10,2.820031975615286e-10,0.9555330850704314,1.199936217699967e-12,-7.876753957017722e-10,3.179024516569489e-09,0.13229999999880893,0.13229999999990008,0,1,0
9.238476953907815,3.8474185137765616e-10,1.149314413468363e-10,0.9555330850704363,2.42677104717174e-13,-7.232728199151171e-10,3.2201287893327596e-09,0.13229999999962716,0.13230000000002967,0,1,0
9.258517034068136,3.8395095375042547e-10,-3.954488136153319e-11,0.9555330850704361,-1.17696839088056e-14,-6.585998007385571e-10,3.233650958827999e-09,0.13229999999882086,0.1322999999985854,0,1,0
9.278557114228457,3.8032545938724296e-10,-1.812747181591244e-10,0.9555330850703975,-1.933062118022498e-12,-5.941668858773953e-10,3.2216457430580917e-09,0.13230000000028322,0.13229999999946368,0,1,0
9.298597194388778,3.741211542005935e-10,-3.102152593324723e-10,0.9555330850703551,-2.1189628605224298e-12,-5.304411682138614e-10,3.1862858831766987e-09,0.13230000000086703,0.13229999999951744,0,1,0
9.318637274549097,3.6559267826533967e-10,-4.2642379676269217e-10,0.9555330850703184,-1.8324534031424978e-12,-4.678461247256461e-10,3.129752174410762e-09,0.13230000000209508,0.1323000000002673,0,1,0
9.338677354709418,3.549916957312646e-10,-5.300491267037522e-10,0.9555330850703168,-8.108688342782724e-14,-4.067634317501104e-10,3.0541346487767855e-09,0.13230000000146785,0.13229999999921435,0,1,0
9.358717434869739,3.42565237174098e-10,-6.213229278583302e-10,0.9555330850703252,4.243318639399379e-13,-3.4753233924474545e-10,2.9615546252682483e-09,0.1323000000017563,0.13229999999912828,0,1,0
9.37875751503006,3.285542071310892e-10,-7.005515021504418e-10,0.9555330850703467,1.079157860879512e-12,-2.9045103997963067e-10,2.8540649632557396e-09,0.13230000000135805,0.13229999999840594,0,1,0
9.39879759519038,3.1319205914202604e-10,-7.681073994531577e-10,0.9555330850703648,9.034548077564694e-13,-2.3577712180462564e-10,2.7336959087502512e-09,0.13230000000130893,0.13229999999808154,0,1,0
9.418837675350701,2.967036327943619e-10,-8.244213173832064e-10,0.9555330850703738,4.5117259189629316e-13,-1.8372885630109517e-10,2.6024132751765238e-09,0.13230000000067055,0.13229999999721334,0,1,0
9.438877755511022,2.7930415087001434e-10,-8.699740962173787e-10,0.9555330850703515,-1.116709000561783e-12,-1.3448797433947079e-10,2.4620440980812197e-09,0.13230000000157344,0.13229999999793193,0,1,0
9.458917835671341,2.6119837141419617e-10,-9.052889727909085e-10,0.9555330850703219,-1.4822087739594683e-12,-8.819969086101468e-11,2.314414173922805e-09,0.13230000000269965,0.13229999999891615,0,1,0
9.478957915831662,2.4257988372220495e-10,-9.309243845995609e-10,0.9555330850703162,-2.840930535749165e-13,-4.497525739950586e-11,2.161221673075441e-09,0.13230000000174133,0.13229999999785516,0,1,0
9.498997995991983,2.2363054803185975e-10,-9.4746678451726e-10,0.9555330850703045,-5.826710488046593e-13,-4.894396889547433e-12,2.0040430254979215e-09,0.13230000000252062,0.13229999999857042,0,1,0
9.519038076152304,2.045200688007212e-10,-9.555239615569277e-10,0.9555330850703091,2.2591058587138329e-13,3.199418830727256e-11,1.8444292598409998e-09,0.13230000000102934,0.13229999999704828,0,1,0
9.539078156312625,1.8540569191681895e-10,-9.557188441951125e-10,0.9555330850702851,-1.1982690830836568e-12,6.566841144384034e-11,1.6837111568283893e-09,0.1323000000015558,0.13229999999757788,0,1,0
9.559118236472946,1.6643202375224614e-10,-9.48683408228641e-10,0.9555330850702484,-1.8390733334277007e-12,9.613335897720511e-11,1.523247376668239e-09,0.13230000000195108,0.13229999999800546,0,1,0
9.579158316633267,1.477309546947255e-10,-9.350534528760314e-10,0.955533085070211,-1.8697997560271875e-12,1.2341745559060896e-10,1.3642048306701924e-09,0.13230000000198205,0.13229999999809647,0,1,0
9.599198396793588,1.2942168925930726e-10,-9.154632717709128e-10,0.9555330850701748,-1.8101458050449084e-12,1.4757124988705363e-10,1.2076897148222342e-09,0.13230000000246284,0.13229999999866124,0,1,0
9.619238476953907,1.1161086766182719e-10,-8.905410798740037e-10,0.9555330850701552,-9.761421385752503e-13,1.6866441579586357e-10,1.0546582954404965e-09,0.13230000000249653,0.13229999999880168,0,1,0
9.639278557114228,9.43927740208667e-11,-8.609046820480242e-10,0.955533085070155,-1.3763799610285554e-14,1.867847613021281e-10,9.060172753132267e-10,0.13230000000211423,0.13229999999854464,0,1,0
9.659318637274549,7.784961936443253e-11,-8.271577328217084e-10,0.9555330850701644,4.742409080658685e-13,2.0203498203562509e-10,7.625110366748483e-10,0.13230000000179973,0.13229999999837247,0,1,0
9.67935871743487,6.205189549573252e-11,-7.898861934350008e-10,0.9555330850701764,6.01382009155273e-13,2.1453119914674818e-10,6.248108555561543e-10,0.13230000000153141,0.13229999999826095,0,1,0
9.69939879759519,4.705878693542401e-11,-7.496554280154257e-10,0.9555330850701854,4.470815696578522e-13,2.2440102013347843e-10,4.934910493365129e-10,0.1323000000009257,0.13229999999782394,0,1,0
9.719438877755511,3.291863516234692e-11,-7.070075886538543e-10,0.9555330850701759,-4.795434643625835e-13,2.3178151293218196e-10,3.69024639935177e-10,0.1323000000017627,0.13229999999883987,0,1,0
9.739478957915832,1.966944750936069e-11,-6.624593826493116e-10,0.9555330850701752,-3.2853459386294705e-14,2.3681781813882917e-10,2.518152603323605e-10,0.13230000000134426,0.13229999999860684,0,1,0
9.759519038076151,7.339442736953918e-12,-6.165002386203386e-10,0.9555330850701739,-6.90487935052358e-14,2.396601813927626e-10,1.421181626966714e-10,0.13230000000105735,0.13229999999851216,0,1,0
9.779559118236472,-4.052372184752707e-12,-5.695907460853312e-10,0.9555330850701661,-3.8789868776190853e-13,2.4046413923992654e-10,4.0197892358196204e-11,0.132300000000859,0.13229999999851003,0,1,0
9.799599198396793,-1.4495605743668278e-11,-5.221616779457786e-10,0.955533085070149,-8.549736371059035e-13,2.3938828877411215e-10,-5.379252329072001e-11,0.1323000000015895,0.13229999999943806,0,1,0
9.819639278557114,-2.3987865290099283e-11,-4.746129773215502e-10,0.9555330850701471,-9.317561698664542e-14,2.365921068417306e-10,-1.3980909661907927e-10,0.13230000000102135,0.1322999999990679,0,1,0
9.839679358717435,-3.253412893706804e-11,-4.2731318234843793e-10,0.9555330850701466,-2.7004281268284618e-14,2.322354358202111e-10,-2.1783355107597395e-10,0.13230000000089628,0.13229999999913922,0,1,0
9.859719438877756,-4.014611451445233e-11,-3.805992788692147e-10,0.9555330850701466,-6.878963578271188e-16,2.264766187902645e-10,-2.879408514973302e-10,0.1323000000006769,0.13229999999911363,0,1,0
9.879759519038076,-4.684164759509632e-11,-3.347766540321996e-10,0.9555330850701435,-1.558929758328508e-13,2.194717746692877e-10,-3.502422060488401e-10,0.13230000000084682,0.13229999999947475,0,1,0
9.899799599198396,-5.2644035903736606e-11,-2.901194154320143e-10,0.9555330850701451,8.24348879739542e-14,2.113748787520966e-10,-4.048447958595551e-10,0.1323000000006731,0.13229999999948613,0,1,0
9.919839679358716,-5.758145294512961e-11,-2.4687085206965016e-10,0.9555330850701491,2.0031383410708542e-13,2.0233488802630873e-10,-4.519995362893932e-10,0.13230000000076672,0.13229999999975936,0,1,0
9.939879759519037,-6.168633052826792e-11,-2.0524387915691552e-10,0.9555330850701609,5.898376276110864e-13,1.9249623680762214e-10,-4.9193256093433e-10,0.1323000000005703,0.1322999999997349,0,1,0
9.959919839679358,-6.499477144834908e-11,-1.654220460040578e-10,0.9555330850701772,8.154082089387084e-13,1.819971639707492e-10,-5.24953641843647e-10,0.13230000000049702,0.13229999999982703,0,1,0
9.97995991983968,-6.754598036746653e-11,-1.2756044595587238e-10,0.9555330850701983,1.054825739603077e-12,1.709705617248317e-10,-5.513301122958744e-10,0.1323000000005095,0.13229999999999553,0,1,0
10.0,-6.938171943672761e-11,-9.178695346305371e-11,0.9555330850702268,1.4280971047392308e-12,1.5954161515042533e-10,-5.714473287203183e-10,0.13229999999919756,0.13229999999883219,0,1,0
